Fecha,Tipo,Categoría,Descripción,Valor
01/08/2026,EXPENSE,Ahorro mensual,Ahorro mensual - 01/08/2026,400000.00,-400000.00
01/08/2026,INCOME,BeMovilRemote,BeMovilRemote - 01/08/2026,35000.00,-400000.00
01/08/2026,INCOME,Fotocopias,Fotocopias - 01/08/2026,3900.00,-396100.00
01/08/2026,INCOME,Impresiones,Impresiones - 01/08/2026,1800.00,-394300.00
01/08/2026,INCOME,Papelería,Papeleria - 01/08/2026,3000.00,-391300.00
01/08/2026,INCOME,Internet,Internet - 01/08/2026,1500.00,-389800.00
01/08/2026,EXPENSE,Ahorro para pagar,Ahorro pagar - 01/08/2026,170000.00,-559800.00
01/08/2026,INCOME,BeMovilRemote,BeMovilRemote - 01/08/2026,10000.00,-559800.00
01/08/2026,INCOME,Impresiones,Impresiones - 01/08/2026,1200.00,-558600.00
01/08/2026,INCOME,Papelería,Papeleria - 01/08/2026,1500.00,-557100.00
01/08/2026,INCOME,BeMovilRemote,BeMovilRemote - 01/08/2026,9000.00,-557100.00
01/08/2026,INCOME,Impresiones,Impresiones - 01/08/2026,1200.00,-555900.00
01/08/2026,INCOME,Papelería,Papeleria - 01/08/2026,600.00,-555300.00
01/08/2026,INCOME,BeMovilRemote,BeMovilRemote - 01/08/2026,6000.00,-555300.00
01/08/2026,INCOME,Impresiones,Impresiones - 01/08/2026,1000.00,-554300.00
01/08/2026,INCOME,BeMovilRemote,BeMovilRemote - 01/08/2026,5500.00,-554300.00
01/08/2026,INCOME,Impresiones,Impresiones - 01/08/2026,2000.00,-552300.00
01/08/2026,INCOME,BeMovilRemote,BeMovilRemote - 01/08/2026,23000.00,-552300.00
01/08/2026,INCOME,Impresiones,Impresiones - 01/08/2026,15000.00,-537300.00
01/08/2026,INCOME,BeMovilRemote,BeMovilRemote - 01/08/2026,5500.00,-537300.00
01/08/2026,INCOME,Impresiones,Impresiones - 01/08/2026,4400.00,-532900.00
01/08/2026,INCOME,BeMovilRemote,BeMovilRemote - 01/08/2026,2000.00,-532900.00
02/08/2026,INCOME,BeMovilRemote,BeMovilRemote - 02/08/2026,20000.00,-532900.00
02/08/2026,INCOME,Fotocopias,Fotocopias - 02/08/2026,4200.00,-528700.00
02/08/2026,INCOME,Impresiones,Impresiones - 02/08/2026,7000.00,-521700.00
02/08/2026,INCOME,Papelería,Papeleria - 02/08/2026,1600.00,-520100.00
02/08/2026,INCOME,Internet,Internet - 02/08/2026,4700.00,-515400.00
02/08/2026,EXPENSE,Ahorro para pagar,Ahorro pagar - 02/08/2026,200000.00,-715400.00
02/08/2026,EXPENSE,Salidas,627000,627000.00,-1342400.00
02/08/2026,INCOME,BeMovilRemote,BeMovilRemote - 02/08/2026,20000.00,-1342400.00
02/08/2026,INCOME,Fotocopias,Fotocopias - 02/08/2026,1200.00,-1341200.00
02/08/2026,INCOME,Impresiones,Impresiones - 02/08/2026,2000.00,-1339200.00
02/08/2026,INCOME,Papelería,Papeleria - 02/08/2026,3000.00,-1336200.00
02/08/2026,INCOME,BeMovilRemote,BeMovilRemote - 02/08/2026,5500.00,-1336200.00
02/08/2026,INCOME,Fotocopias,Fotocopias - 02/08/2026,1700.00,-1334500.00
02/08/2026,INCOME,Impresiones,Impresiones - 02/08/2026,1800.00,-1332700.00
02/08/2026,INCOME,Papelería,Papeleria - 02/08/2026,4200.00,-1328500.00
02/08/2026,INCOME,BeMovilRemote,BeMovilRemote - 02/08/2026,2000.00,-1328500.00
02/08/2026,INCOME,Fotocopias,Fotocopias - 02/08/2026,1500.00,-1327000.00
02/08/2026,INCOME,Impresiones,Impresiones - 02/08/2026,1200.00,-1325800.00
02/08/2026,INCOME,Papelería,Papeleria - 02/08/2026,1300.00,-1324500.00
02/08/2026,INCOME,BeMovilRemote,BeMovilRemote - 02/08/2026,9000.00,-1324500.00
02/08/2026,INCOME,Fotocopias,Fotocopias - 02/08/2026,1800.00,-1322700.00
02/08/2026,INCOME,Impresiones,Impresiones - 02/08/2026,1200.00,-1321500.00
02/08/2026,INCOME,Papelería,Papeleria - 02/08/2026,4000.00,-1317500.00
02/08/2026,INCOME,BeMovilRemote,BeMovilRemote - 02/08/2026,20000.00,-1317500.00
02/08/2026,INCOME,Fotocopias,Fotocopias - 02/08/2026,11400.00,-1306100.00
02/08/2026,INCOME,Impresiones,Impresiones - 02/08/2026,3100.00,-1303000.00
02/08/2026,INCOME,Papelería,Papeleria - 02/08/2026,2000.00,-1301000.00
02/08/2026,INCOME,BeMovilRemote,BeMovilRemote - 02/08/2026,3000.00,-1301000.00
02/08/2026,INCOME,Fotocopias,Fotocopias - 02/08/2026,1500.00,-1299500.00
02/08/2026,INCOME,Impresiones,Impresiones - 02/08/2026,3000.00,-1296500.00
02/08/2026,INCOME,Papelería,Papeleria - 02/08/2026,1000.00,-1295500.00
02/08/2026,INCOME,BeMovilRemote,BeMovilRemote - 02/08/2026,2000.00,-1295500.00
02/08/2026,INCOME,Fotocopias,Fotocopias - 02/08/2026,1800.00,-1293700.00
02/08/2026,INCOME,Impresiones,Impresiones - 02/08/2026,5000.00,-1288700.00
02/08/2026,INCOME,Papelería,Papeleria - 02/08/2026,700.00,-1288000.00
02/08/2026,INCOME,BeMovilRemote,BeMovilRemote - 02/08/2026,10000.00,-1288000.00
02/08/2026,INCOME,Fotocopias,Fotocopias - 02/08/2026,1600.00,-1286400.00
02/08/2026,INCOME,Impresiones,Impresiones - 02/08/2026,9000.00,-1277400.00
02/08/2026,INCOME,BeMovilRemote,BeMovilRemote - 02/08/2026,10000.00,-1277400.00
02/08/2026,INCOME,Fotocopias,Fotocopias - 02/08/2026,1400.00,-1276000.00
02/08/2026,INCOME,Impresiones,Impresiones - 02/08/2026,4200.00,-1271800.00
02/08/2026,INCOME,BeMovilRemote,BeMovilRemote - 02/08/2026,10000.00,-1271800.00
02/08/2026,INCOME,Fotocopias,Fotocopias - 02/08/2026,3900.00,-1267900.00
02/08/2026,INCOME,Impresiones,Impresiones - 02/08/2026,2700.00,-1265200.00
02/08/2026,INCOME,BeMovilRemote,BeMovilRemote - 02/08/2026,3000.00,-1265200.00
02/08/2026,INCOME,Fotocopias,Fotocopias - 02/08/2026,1600.00,-1263600.00
02/08/2026,INCOME,Impresiones,Impresiones - 02/08/2026,3600.00,-1260000.00
02/08/2026,INCOME,BeMovilRemote,BeMovilRemote - 02/08/2026,20000.00,-1260000.00
02/08/2026,INCOME,Fotocopias,Fotocopias - 02/08/2026,2600.00,-1257400.00
02/08/2026,INCOME,Impresiones,Impresiones - 02/08/2026,8400.00,-1249000.00
02/08/2026,INCOME,BeMovilRemote,BeMovilRemote - 02/08/2026,9000.00,-1249000.00
02/08/2026,INCOME,Impresiones,Impresiones - 02/08/2026,3000.00,-1246000.00
02/08/2026,INCOME,BeMovilRemote,BeMovilRemote - 02/08/2026,25000.00,-1246000.00
02/08/2026,INCOME,Impresiones,Impresiones - 02/08/2026,3200.00,-1242800.00
03/08/2026,INCOME,BeMovilRemote,BeMovilRemote - 03/08/2026,5500.00,-1242800.00
03/08/2026,INCOME,Fotocopias,Fotocopias - 03/08/2026,1400.00,-1241400.00
03/08/2026,INCOME,Impresiones,Impresiones - 03/08/2026,1600.00,-1239800.00
03/08/2026,INCOME,Escaneo,Scaner - 03/08/2026,600.00,-1239200.00
03/08/2026,INCOME,Papelería,Papeleria - 03/08/2026,3500.00,-1235700.00
03/08/2026,INCOME,Internet,Internet - 03/08/2026,7700.00,-1228000.00
03/08/2026,EXPENSE,Ahorro para pagar,Ahorro pagar - 03/08/2026,320000.00,-1548000.00
03/08/2026,INCOME,BeMovilRemote,BeMovilRemote - 03/08/2026,4000.00,-1548000.00
03/08/2026,INCOME,Fotocopias,Fotocopias - 03/08/2026,1000.00,-1547000.00
03/08/2026,INCOME,Impresiones,Impresiones - 03/08/2026,1100.00,-1545900.00
03/08/2026,INCOME,Papelería,Papeleria - 03/08/2026,2000.00,-1543900.00
03/08/2026,INCOME,BeMovilRemote,BeMovilRemote - 03/08/2026,4000.00,-1543900.00
03/08/2026,INCOME,Fotocopias,Fotocopias - 03/08/2026,4500.00,-1539400.00
03/08/2026,INCOME,Impresiones,Impresiones - 03/08/2026,1500.00,-1537900.00
03/08/2026,INCOME,Papelería,Papeleria - 03/08/2026,1200.00,-1536700.00
03/08/2026,INCOME,BeMovilRemote,BeMovilRemote - 03/08/2026,15000.00,-1536700.00
03/08/2026,INCOME,Fotocopias,Fotocopias - 03/08/2026,3800.00,-1532900.00
03/08/2026,INCOME,Impresiones,Impresiones - 03/08/2026,1600.00,-1531300.00
03/08/2026,INCOME,BeMovilRemote,BeMovilRemote - 03/08/2026,20000.00,-1531300.00
03/08/2026,INCOME,Fotocopias,Fotocopias - 03/08/2026,1800.00,-1529500.00
03/08/2026,INCOME,Impresiones,Impresiones - 03/08/2026,7800.00,-1521700.00
03/08/2026,INCOME,BeMovilRemote,BeMovilRemote - 03/08/2026,2000.00,-1521700.00
03/08/2026,INCOME,Fotocopias,Fotocopias - 03/08/2026,2000.00,-1519700.00
03/08/2026,INCOME,Impresiones,Impresiones - 03/08/2026,5000.00,-1514700.00
03/08/2026,INCOME,Fotocopias,Fotocopias - 03/08/2026,1200.00,-1513500.00
03/08/2026,INCOME,Impresiones,Impresiones - 03/08/2026,1600.00,-1511900.00
03/08/2026,INCOME,Fotocopias,Fotocopias - 03/08/2026,2300.00,-1509600.00
03/08/2026,INCOME,Impresiones,Impresiones - 03/08/2026,1400.00,-1508200.00
03/08/2026,INCOME,Impresiones,Impresiones - 03/08/2026,1200.00,-1507000.00
03/08/2026,INCOME,Impresiones,Impresiones - 03/08/2026,1000.00,-1506000.00
03/08/2026,INCOME,Impresiones,Impresiones - 03/08/2026,1800.00,-1504200.00
03/08/2026,INCOME,Impresiones,Impresiones - 03/08/2026,4800.00,-1499400.00
05/08/2026,INCOME,BeMovilRemote,BeMovilRemote - 05/08/2026,9000.00,-1499400.00
05/08/2026,INCOME,Fotocopias,Fotocopias - 05/08/2026,1100.00,-1498300.00
05/08/2026,INCOME,Impresiones,Impresiones - 05/08/2026,3000.00,-1495300.00
05/08/2026,INCOME,Papelería,Papeleria - 05/08/2026,4000.00,-1491300.00
05/08/2026,INCOME,Internet,Internet - 05/08/2026,1500.00,-1489800.00
05/08/2026,INCOME,BeMovilRemote,BeMovilRemote - 05/08/2026,35000.00,-1489800.00
05/08/2026,INCOME,Fotocopias,Fotocopias - 05/08/2026,20000.00,-1469800.00
05/08/2026,INCOME,Impresiones,Impresiones - 05/08/2026,6600.00,-1463200.00
05/08/2026,INCOME,Papelería,Papeleria - 05/08/2026,1800.00,-1461400.00
05/08/2026,INCOME,Internet,Internet - 05/08/2026,1500.00,-1459900.00
05/08/2026,INCOME,BeMovilRemote,BeMovilRemote - 05/08/2026,10000.00,-1459900.00
05/08/2026,INCOME,Fotocopias,Fotocopias - 05/08/2026,1000.00,-1458900.00
05/08/2026,INCOME,Impresiones,Impresiones - 05/08/2026,3000.00,-1455900.00
05/08/2026,INCOME,Papelería,Papeleria - 05/08/2026,1200.00,-1454700.00
05/08/2026,INCOME,Internet,Internet - 05/08/2026,5000.00,-1449700.00
05/08/2026,INCOME,BeMovilRemote,BeMovilRemote - 05/08/2026,6000.00,-1449700.00
05/08/2026,INCOME,Fotocopias,Fotocopias - 05/08/2026,1800.00,-1447900.00
05/08/2026,INCOME,Impresiones,Impresiones - 05/08/2026,6200.00,-1441700.00
05/08/2026,INCOME,Papelería,Papeleria - 05/08/2026,2000.00,-1439700.00
05/08/2026,INCOME,Internet,Internet - 05/08/2026,2000.00,-1437700.00
05/08/2026,INCOME,BeMovilRemote,BeMovilRemote - 05/08/2026,2000.00,-1437700.00
05/08/2026,INCOME,Fotocopias,Fotocopias - 05/08/2026,1000.00,-1436700.00
05/08/2026,INCOME,Impresiones,Impresiones - 05/08/2026,3000.00,-1433700.00
05/08/2026,INCOME,Papelería,Papeleria - 05/08/2026,1500.00,-1432200.00
05/08/2026,INCOME,BeMovilRemote,BeMovilRemote - 05/08/2026,20000.00,-1432200.00
05/08/2026,INCOME,Fotocopias,Fotocopias - 05/08/2026,3600.00,-1428600.00
05/08/2026,INCOME,Impresiones,Impresiones - 05/08/2026,3000.00,-1425600.00
05/08/2026,INCOME,BeMovilRemote,BeMovilRemote - 05/08/2026,10000.00,-1425600.00
05/08/2026,INCOME,Fotocopias,Fotocopias - 05/08/2026,1500.00,-1424100.00
05/08/2026,INCOME,Impresiones,Impresiones - 05/08/2026,4000.00,-1420100.00
05/08/2026,INCOME,Impresiones,Impresiones - 05/08/2026,4000.00,-1416100.00
05/08/2026,INCOME,Impresiones,Impresiones - 05/08/2026,2800.00,-1413300.00
05/08/2026,INCOME,Impresiones,Impresiones - 05/08/2026,4400.00,-1408900.00
06/08/2026,INCOME,BeMovilRemote,BeMovilRemote - 06/08/2026,20000.00,-1408900.00
06/08/2026,INCOME,Fotocopias,Fotocopias - 06/08/2026,1700.00,-1407200.00
06/08/2026,INCOME,Impresiones,Impresiones - 06/08/2026,2400.00,-1404800.00
06/08/2026,INCOME,Papelería,Papeleria - 06/08/2026,1200.00,-1403600.00
06/08/2026,INCOME,Internet,Internet - 06/08/2026,2000.00,-1401600.00
06/08/2026,EXPENSE,Ahorro para pagar,Ahorro pagar - 06/08/2026,140000.00,-1541600.00
06/08/2026,INCOME,BeMovilRemote,BeMovilRemote - 06/08/2026,4000.00,-1541600.00
06/08/2026,INCOME,Fotocopias,Fotocopias - 06/08/2026,1400.00,-1540200.00
06/08/2026,INCOME,Impresiones,Impresiones - 06/08/2026,5400.00,-1534800.00
06/08/2026,INCOME,Papelería,Papeleria - 06/08/2026,1200.00,-1533600.00
06/08/2026,INCOME,Internet,Internet - 06/08/2026,2500.00,-1531100.00
06/08/2026,INCOME,BeMovilRemote,BeMovilRemote - 06/08/2026,10000.00,-1531100.00
06/08/2026,INCOME,Impresiones,Impresiones - 06/08/2026,3600.00,-1527500.00
06/08/2026,INCOME,Papelería,Papeleria - 06/08/2026,1200.00,-1526300.00
06/08/2026,INCOME,Internet,Internet - 06/08/2026,1000.00,-1525300.00
06/08/2026,INCOME,BeMovilRemote,BeMovilRemote - 06/08/2026,2000.00,-1525300.00
06/08/2026,INCOME,Impresiones,Impresiones - 06/08/2026,3500.00,-1521800.00
06/08/2026,INCOME,Papelería,Papeleria - 06/08/2026,2700.00,-1519100.00
06/08/2026,INCOME,Internet,Internet - 06/08/2026,2500.00,-1516600.00
06/08/2026,INCOME,BeMovilRemote,BeMovilRemote - 06/08/2026,6000.00,-1516600.00
06/08/2026,INCOME,Impresiones,Impresiones - 06/08/2026,2700.00,-1513900.00
06/08/2026,INCOME,Papelería,Papeleria - 06/08/2026,3600.00,-1510300.00
06/08/2026,INCOME,Impresiones,Impresiones - 06/08/2026,2400.00,-1507900.00
06/08/2026,INCOME,Papelería,Papeleria - 06/08/2026,4000.00,-1503900.00
06/08/2026,INCOME,Impresiones,Impresiones - 06/08/2026,1200.00,-1502700.00
06/08/2026,INCOME,Papelería,Papeleria - 06/08/2026,1800.00,-1500900.00
06/08/2026,INCOME,Impresiones,Impresiones - 06/08/2026,1000.00,-1499900.00
06/08/2026,INCOME,Papelería,Papeleria - 06/08/2026,4500.00,-1495400.00
08/08/2026,INCOME,BeMovilRemote,BeMovilRemote - 08/08/2026,10000.00,-1495400.00
08/08/2026,INCOME,Fotocopias,Fotocopias - 08/08/2026,1400.00,-1494000.00
08/08/2026,INCOME,Impresiones,Impresiones - 08/08/2026,1300.00,-1492700.00
08/08/2026,INCOME,Escaneo,Scaner - 08/08/2026,1200.00,-1491500.00
08/08/2026,INCOME,Papelería,Papeleria - 08/08/2026,1500.00,-1490000.00
08/08/2026,INCOME,Internet,Internet - 08/08/2026,1000.00,-1489000.00
08/08/2026,EXPENSE,Ahorro para pagar,Ahorro pagar - 08/08/2026,60000.00,-1549000.00
08/08/2026,INCOME,BeMovilRemote,BeMovilRemote - 08/08/2026,9000.00,-1549000.00
08/08/2026,INCOME,Fotocopias,Fotocopias - 08/08/2026,1300.00,-1547700.00
08/08/2026,INCOME,Impresiones,Impresiones - 08/08/2026,3000.00,-1544700.00
08/08/2026,INCOME,Fotocopias,Fotocopias - 08/08/2026,1300.00,-1543400.00
08/08/2026,INCOME,Impresiones,Impresiones - 08/08/2026,3500.00,-1539900.00
08/08/2026,INCOME,Impresiones,Impresiones - 08/08/2026,3000.00,-1536900.00
08/08/2026,INCOME,Impresiones,Impresiones - 08/08/2026,5400.00,-1531500.00
08/08/2026,INCOME,Impresiones,Impresiones - 08/08/2026,600.00,-1530900.00
10/08/2026,INCOME,BeMovilRemote,BeMovilRemote - 10/08/2026,6000.00,-1530900.00
10/08/2026,INCOME,Fotocopias,Fotocopias - 10/08/2026,1600.00,-1529300.00
10/08/2026,INCOME,Impresiones,Impresiones - 10/08/2026,4200.00,-1525100.00
10/08/2026,INCOME,Escaneo,Scaner - 10/08/2026,1200.00,-1523900.00
10/08/2026,INCOME,Papelería,Papeleria - 10/08/2026,1500.00,-1522400.00
10/08/2026,INCOME,Accesorios,Accesorios - 10/08/2026,20000.00,-1502400.00
10/08/2026,INCOME,Internet,Internet - 10/08/2026,3000.00,-1499400.00
10/08/2026,EXPENSE,Ahorro para pagar,Ahorro pagar - 10/08/2026,20000.00,-1519400.00
10/08/2026,INCOME,BeMovilRemote,BeMovilRemote - 10/08/2026,10000.00,-1519400.00
10/08/2026,INCOME,Fotocopias,Fotocopias - 10/08/2026,1200.00,-1518200.00
10/08/2026,INCOME,Impresiones,Impresiones - 10/08/2026,3600.00,-1514600.00
10/08/2026,INCOME,Escaneo,Scaner - 10/08/2026,1000.00,-1513600.00
10/08/2026,INCOME,Papelería,Papeleria - 10/08/2026,1200.00,-1512400.00
10/08/2026,INCOME,Accesorios,Accesorios - 10/08/2026,10000.00,-1502400.00
10/08/2026,INCOME,Internet,Internet - 10/08/2026,2000.00,-1500400.00
10/08/2026,INCOME,BeMovilRemote,BeMovilRemote - 10/08/2026,10000.00,-1500400.00
10/08/2026,INCOME,Fotocopias,Fotocopias - 10/08/2026,2000.00,-1498400.00
10/08/2026,INCOME,Impresiones,Impresiones - 10/08/2026,2000.00,-1496400.00
10/08/2026,INCOME,Papelería,Papeleria - 10/08/2026,1800.00,-1494600.00
10/08/2026,INCOME,Accesorios,Accesorios - 10/08/2026,10000.00,-1484600.00
10/08/2026,INCOME,Internet,Internet - 10/08/2026,2000.00,-1482600.00
10/08/2026,INCOME,BeMovilRemote,BeMovilRemote - 10/08/2026,25000.00,-1482600.00
10/08/2026,INCOME,Fotocopias,Fotocopias - 10/08/2026,1000.00,-1481600.00
10/08/2026,INCOME,Impresiones,Impresiones - 10/08/2026,4200.00,-1477400.00
10/08/2026,INCOME,Papelería,Papeleria - 10/08/2026,2500.00,-1474900.00
10/08/2026,INCOME,BeMovilRemote,BeMovilRemote - 10/08/2026,20000.00,-1474900.00
10/08/2026,INCOME,Fotocopias,Fotocopias - 10/08/2026,1600.00,-1473300.00
10/08/2026,INCOME,Impresiones,Impresiones - 10/08/2026,1500.00,-1471800.00
10/08/2026,INCOME,BeMovilRemote,BeMovilRemote - 10/08/2026,9000.00,-1471800.00
10/08/2026,INCOME,Fotocopias,Fotocopias - 10/08/2026,1400.00,-1470400.00
10/08/2026,INCOME,Impresiones,Impresiones - 10/08/2026,6000.00,-1464400.00
10/08/2026,INCOME,BeMovilRemote,BeMovilRemote - 10/08/2026,10000.00,-1464400.00
10/08/2026,INCOME,Fotocopias,Fotocopias - 10/08/2026,1600.00,-1462800.00
10/08/2026,INCOME,Impresiones,Impresiones - 10/08/2026,2400.00,-1460400.00
10/08/2026,INCOME,BeMovilRemote,BeMovilRemote - 10/08/2026,8500.00,-1460400.00
10/08/2026,INCOME,Fotocopias,Fotocopias - 10/08/2026,1800.00,-1458600.00
10/08/2026,INCOME,Impresiones,Impresiones - 10/08/2026,8400.00,-1450200.00
10/08/2026,INCOME,BeMovilRemote,BeMovilRemote - 10/08/2026,20000.00,-1450200.00
10/08/2026,INCOME,Fotocopias,Fotocopias - 10/08/2026,1000.00,-1449200.00
10/08/2026,INCOME,Impresiones,Impresiones - 10/08/2026,2100.00,-1447100.00
10/08/2026,INCOME,BeMovilRemote,BeMovilRemote - 10/08/2026,2000.00,-1447100.00
10/08/2026,INCOME,Fotocopias,Fotocopias - 10/08/2026,1800.00,-1445300.00
10/08/2026,INCOME,Impresiones,Impresiones - 10/08/2026,5000.00,-1440300.00
10/08/2026,INCOME,BeMovilRemote,BeMovilRemote - 10/08/2026,10000.00,-1440300.00
10/08/2026,INCOME,Fotocopias,Fotocopias - 10/08/2026,1200.00,-1439100.00
10/08/2026,INCOME,Impresiones,Impresiones - 10/08/2026,9000.00,-1430100.00
10/08/2026,INCOME,BeMovilRemote,BeMovilRemote - 10/08/2026,6000.00,-1430100.00
10/08/2026,INCOME,Impresiones,Impresiones - 10/08/2026,1600.00,-1428500.00
10/08/2026,INCOME,BeMovilRemote,BeMovilRemote - 10/08/2026,10000.00,-1428500.00
10/08/2026,INCOME,BeMovilRemote,BeMovilRemote - 10/08/2026,15000.00,-1428500.00
11/08/2026,INCOME,BeMovilRemote,BeMovilRemote - 11/08/2026,28700.00,-1428500.00
11/08/2026,INCOME,Fotocopias,Fotocopias - 11/08/2026,1000.00,-1427500.00
11/08/2026,INCOME,Impresiones,Impresiones - 11/08/2026,1200.00,-1426300.00
11/08/2026,INCOME,Escaneo,Scaner - 11/08/2026,9000.00,-1417300.00
11/08/2026,INCOME,Papelería,Papeleria - 11/08/2026,1700.00,-1415600.00
11/08/2026,INCOME,Accesorios,Accesorios - 11/08/2026,70000.00,-1345600.00
11/08/2026,INCOME,Internet,Internet - 11/08/2026,1000.00,-1344600.00
11/08/2026,EXPENSE,Ahorro para pagar,Ahorro pagar - 11/08/2026,80000.00,-1424600.00
11/08/2026,INCOME,BeMovilRemote,BeMovilRemote - 11/08/2026,35000.00,-1424600.00
11/08/2026,INCOME,Fotocopias,Fotocopias - 11/08/2026,1500.00,-1423100.00
11/08/2026,INCOME,Impresiones,Impresiones - 11/08/2026,1200.00,-1421900.00
11/08/2026,INCOME,Papelería,Papeleria - 11/08/2026,1300.00,-1420600.00
11/08/2026,INCOME,Internet,Internet - 11/08/2026,1500.00,-1419100.00
11/08/2026,INCOME,BeMovilRemote,BeMovilRemote - 11/08/2026,35000.00,-1419100.00
11/08/2026,INCOME,Fotocopias,Fotocopias - 11/08/2026,1800.00,-1417300.00
11/08/2026,INCOME,Impresiones,Impresiones - 11/08/2026,2400.00,-1414900.00
11/08/2026,INCOME,Papelería,Papeleria - 11/08/2026,1600.00,-1413300.00
11/08/2026,INCOME,BeMovilRemote,BeMovilRemote - 11/08/2026,28700.00,-1413300.00
11/08/2026,INCOME,Fotocopias,Fotocopias - 11/08/2026,3000.00,-1410300.00
11/08/2026,INCOME,Impresiones,Impresiones - 11/08/2026,1200.00,-1409100.00
11/08/2026,INCOME,Papelería,Papeleria - 11/08/2026,2400.00,-1406700.00
11/08/2026,INCOME,BeMovilRemote,BeMovilRemote - 11/08/2026,20000.00,-1406700.00
11/08/2026,INCOME,Fotocopias,Fotocopias - 11/08/2026,7200.00,-1399500.00
11/08/2026,INCOME,Impresiones,Impresiones - 11/08/2026,1200.00,-1398300.00
11/08/2026,INCOME,Papelería,Papeleria - 11/08/2026,1000.00,-1397300.00
11/08/2026,INCOME,BeMovilRemote,BeMovilRemote - 11/08/2026,20000.00,-1397300.00
11/08/2026,INCOME,Fotocopias,Fotocopias - 11/08/2026,1200.00,-1396100.00
11/08/2026,INCOME,Impresiones,Impresiones - 11/08/2026,3300.00,-1392800.00
11/08/2026,INCOME,Papelería,Papeleria - 11/08/2026,1600.00,-1391200.00
11/08/2026,INCOME,BeMovilRemote,BeMovilRemote - 11/08/2026,20000.00,-1391200.00
11/08/2026,INCOME,Fotocopias,Fotocopias - 11/08/2026,2400.00,-1388800.00
11/08/2026,INCOME,Impresiones,Impresiones - 11/08/2026,3300.00,-1385500.00
11/08/2026,INCOME,Papelería,Papeleria - 11/08/2026,1500.00,-1384000.00
11/08/2026,INCOME,BeMovilRemote,BeMovilRemote - 11/08/2026,9000.00,-1384000.00
11/08/2026,INCOME,Fotocopias,Fotocopias - 11/08/2026,6000.00,-1378000.00
11/08/2026,INCOME,Impresiones,Impresiones - 11/08/2026,5400.00,-1372600.00
11/08/2026,INCOME,Papelería,Papeleria - 11/08/2026,4000.00,-1368600.00
11/08/2026,INCOME,Fotocopias,Fotocopias - 11/08/2026,2000.00,-1366600.00
11/08/2026,INCOME,Impresiones,Impresiones - 11/08/2026,1800.00,-1364800.00
11/08/2026,INCOME,Papelería,Papeleria - 11/08/2026,2500.00,-1362300.00
11/08/2026,INCOME,Fotocopias,Fotocopias - 11/08/2026,1900.00,-1360400.00
11/08/2026,INCOME,Impresiones,Impresiones - 11/08/2026,20000.00,-1340400.00
11/08/2026,INCOME,Papelería,Papeleria - 11/08/2026,4000.00,-1336400.00
11/08/2026,INCOME,Fotocopias,Fotocopias - 11/08/2026,6000.00,-1330400.00
11/08/2026,INCOME,Impresiones,Impresiones - 11/08/2026,5000.00,-1325400.00
11/08/2026,INCOME,Papelería,Papeleria - 11/08/2026,1400.00,-1324000.00
11/08/2026,INCOME,Impresiones,Impresiones - 11/08/2026,6000.00,-1318000.00
12/08/2026,INCOME,BeMovilRemote,BeMovilRemote - 12/08/2026,5500.00,-1318000.00
12/08/2026,INCOME,Fotocopias,Fotocopias - 12/08/2026,1200.00,-1316800.00
12/08/2026,INCOME,Impresiones,Impresiones - 12/08/2026,1200.00,-1315600.00
12/08/2026,INCOME,Escaneo,Scaner - 12/08/2026,500.00,-1315100.00
12/08/2026,INCOME,Papelería,Papeleria - 12/08/2026,2000.00,-1313100.00
12/08/2026,INCOME,Internet,Internet - 12/08/2026,1500.00,-1311600.00
12/08/2026,EXPENSE,Ahorro para pagar,Ahorro pagar - 12/08/2026,100000.00,-1411600.00
12/08/2026,INCOME,BeMovilRemote,BeMovilRemote - 12/08/2026,35000.00,-1411600.00
12/08/2026,INCOME,Fotocopias,Fotocopias - 12/08/2026,8600.00,-1403000.00
12/08/2026,INCOME,Impresiones,Impresiones - 12/08/2026,1800.00,-1401200.00
12/08/2026,INCOME,Internet,Internet - 12/08/2026,1500.00,-1399700.00
12/08/2026,INCOME,BeMovilRemote,BeMovilRemote - 12/08/2026,3000.00,-1399700.00
12/08/2026,INCOME,Fotocopias,Fotocopias - 12/08/2026,7200.00,-1392500.00
12/08/2026,INCOME,Impresiones,Impresiones - 12/08/2026,1100.00,-1391400.00
12/08/2026,INCOME,Internet,Internet - 12/08/2026,1500.00,-1389900.00
12/08/2026,INCOME,Fotocopias,Fotocopias - 12/08/2026,5400.00,-1384500.00
12/08/2026,INCOME,Impresiones,Impresiones - 12/08/2026,3600.00,-1380900.00
12/08/2026,INCOME,Fotocopias,Fotocopias - 12/08/2026,2400.00,-1378500.00
12/08/2026,INCOME,Impresiones,Impresiones - 12/08/2026,1800.00,-1376700.00
12/08/2026,INCOME,Fotocopias,Fotocopias - 12/08/2026,1200.00,-1375500.00
12/08/2026,INCOME,Impresiones,Impresiones - 12/08/2026,2000.00,-1373500.00
12/08/2026,INCOME,Impresiones,Impresiones - 12/08/2026,2000.00,-1371500.00
12/08/2026,INCOME,Impresiones,Impresiones - 12/08/2026,3000.00,-1368500.00
12/08/2026,INCOME,Impresiones,Impresiones - 12/08/2026,4000.00,-1364500.00
12/08/2026,INCOME,Impresiones,Impresiones - 12/08/2026,8000.00,-1356500.00
13/08/2026,INCOME,BeMovilRemote,BeMovilRemote - 13/08/2026,10000.00,-1356500.00
13/08/2026,INCOME,Fotocopias,Fotocopias - 13/08/2026,1200.00,-1355300.00
13/08/2026,INCOME,Impresiones,Impresiones - 13/08/2026,3600.00,-1351700.00
13/08/2026,INCOME,Escaneo,Scaner - 13/08/2026,1800.00,-1349900.00
13/08/2026,INCOME,Papelería,Papeleria - 13/08/2026,3000.00,-1346900.00
13/08/2026,INCOME,Accesorios,Accesorios - 13/08/2026,6000.00,-1340900.00
13/08/2026,INCOME,Internet,Internet - 13/08/2026,3000.00,-1337900.00
13/08/2026,EXPENSE,Ahorro para pagar,Ahorro pagar - 13/08/2026,40000.00,-1377900.00
13/08/2026,INCOME,BeMovilRemote,BeMovilRemote - 13/08/2026,4000.00,-1377900.00
13/08/2026,INCOME,Fotocopias,Fotocopias - 13/08/2026,1800.00,-1376100.00
13/08/2026,INCOME,Impresiones,Impresiones - 13/08/2026,1100.00,-1375000.00
13/08/2026,INCOME,Papelería,Papeleria - 13/08/2026,3000.00,-1372000.00
13/08/2026,INCOME,Internet,Internet - 13/08/2026,11000.00,-1361000.00
13/08/2026,INCOME,BeMovilRemote,BeMovilRemote - 13/08/2026,10000.00,-1361000.00
13/08/2026,INCOME,Fotocopias,Fotocopias - 13/08/2026,1000.00,-1360000.00
13/08/2026,INCOME,Impresiones,Impresiones - 13/08/2026,3600.00,-1356400.00
13/08/2026,INCOME,Papelería,Papeleria - 13/08/2026,1500.00,-1354900.00
13/08/2026,INCOME,Internet,Internet - 13/08/2026,500.00,-1354400.00
13/08/2026,INCOME,BeMovilRemote,BeMovilRemote - 13/08/2026,20000.00,-1354400.00
13/08/2026,INCOME,Fotocopias,Fotocopias - 13/08/2026,1400.00,-1353000.00
13/08/2026,INCOME,Impresiones,Impresiones - 13/08/2026,4800.00,-1348200.00
13/08/2026,INCOME,Fotocopias,Fotocopias - 13/08/2026,1000.00,-1347200.00
13/08/2026,INCOME,Impresiones,Impresiones - 13/08/2026,1200.00,-1346000.00
13/08/2026,INCOME,Impresiones,Impresiones - 13/08/2026,1200.00,-1344800.00
13/08/2026,INCOME,Impresiones,Impresiones - 13/08/2026,3000.00,-1341800.00
13/08/2026,INCOME,Impresiones,Impresiones - 13/08/2026,6000.00,-1335800.00
13/08/2026,INCOME,Impresiones,Impresiones - 13/08/2026,63000.00,-1272800.00
13/08/2026,INCOME,Impresiones,Impresiones - 13/08/2026,6300.00,-1266500.00
13/08/2026,INCOME,Impresiones,Impresiones - 13/08/2026,2800.00,-1263700.00
14/08/2026,INCOME,BeMovilRemote,BeMovilRemote - 14/08/2026,5500.00,-1263700.00
14/08/2026,INCOME,Fotocopias,Fotocopias - 14/08/2026,50000.00,-1213700.00
14/08/2026,INCOME,Impresiones,Impresiones - 14/08/2026,2400.00,-1211300.00
14/08/2026,INCOME,Papelería,Papeleria - 14/08/2026,1600.00,-1209700.00
14/08/2026,INCOME,Accesorios,Accesorios - 14/08/2026,76000.00,-1133700.00
14/08/2026,EXPENSE,Ahorro para pagar,Ahorro pagar - 14/08/2026,120000.00,-1253700.00
14/08/2026,INCOME,BeMovilRemote,BeMovilRemote - 14/08/2026,6000.00,-1253700.00
14/08/2026,INCOME,Fotocopias,Fotocopias - 14/08/2026,1500.00,-1252200.00
14/08/2026,INCOME,Impresiones,Impresiones - 14/08/2026,3000.00,-1249200.00
14/08/2026,INCOME,Papelería,Papeleria - 14/08/2026,1200.00,-1248000.00
14/08/2026,INCOME,BeMovilRemote,BeMovilRemote - 14/08/2026,5500.00,-1248000.00
14/08/2026,INCOME,Fotocopias,Fotocopias - 14/08/2026,1600.00,-1246400.00
14/08/2026,INCOME,Impresiones,Impresiones - 14/08/2026,1600.00,-1244800.00
14/08/2026,INCOME,Papelería,Papeleria - 14/08/2026,1500.00,-1243300.00
14/08/2026,INCOME,BeMovilRemote,BeMovilRemote - 14/08/2026,9000.00,-1243300.00
14/08/2026,INCOME,Fotocopias,Fotocopias - 14/08/2026,1900.00,-1241400.00
14/08/2026,INCOME,Impresiones,Impresiones - 14/08/2026,1200.00,-1240200.00
14/08/2026,INCOME,Papelería,Papeleria - 14/08/2026,3000.00,-1237200.00
14/08/2026,INCOME,BeMovilRemote,BeMovilRemote - 14/08/2026,2000.00,-1237200.00
14/08/2026,INCOME,Impresiones,Impresiones - 14/08/2026,1800.00,-1235400.00
14/08/2026,INCOME,Impresiones,Impresiones - 14/08/2026,1200.00,-1234200.00
14/08/2026,INCOME,Impresiones,Impresiones - 14/08/2026,3000.00,-1231200.00
14/08/2026,INCOME,Impresiones,Impresiones - 14/08/2026,2400.00,-1228800.00
14/08/2026,INCOME,Impresiones,Impresiones - 14/08/2026,7200.00,-1221600.00
14/08/2026,INCOME,Impresiones,Impresiones - 14/08/2026,6000.00,-1215600.00
14/08/2026,INCOME,Impresiones,Impresiones - 14/08/2026,6600.00,-1209000.00
15/08/2026,INCOME,BeMovilRemote,BeMovilRemote - 15/08/2026,10000.00,-1209000.00
15/08/2026,INCOME,Fotocopias,Fotocopias - 15/08/2026,4000.00,-1205000.00
15/08/2026,INCOME,Impresiones,Impresiones - 15/08/2026,12000.00,-1193000.00
15/08/2026,INCOME,Papelería,Papeleria - 15/08/2026,8000.00,-1185000.00
15/08/2026,INCOME,Internet,Internet - 15/08/2026,1000.00,-1184000.00
15/08/2026,EXPENSE,Ahorro para pagar,Ahorro pagar - 15/08/2026,100000.00,-1284000.00
15/08/2026,EXPENSE,Salidas,8000,8000.00,-1292000.00
15/08/2026,INCOME,BeMovilRemote,BeMovilRemote - 15/08/2026,5000.00,-1292000.00
15/08/2026,INCOME,Fotocopias,Fotocopias - 15/08/2026,4000.00,-1288000.00
15/08/2026,INCOME,Impresiones,Impresiones - 15/08/2026,5000.00,-1283000.00
15/08/2026,INCOME,Papelería,Papeleria - 15/08/2026,2500.00,-1280500.00
15/08/2026,INCOME,Internet,Internet - 15/08/2026,1600.00,-1278900.00
15/08/2026,INCOME,BeMovilRemote,BeMovilRemote - 15/08/2026,5500.00,-1278900.00
15/08/2026,INCOME,Fotocopias,Fotocopias - 15/08/2026,1000.00,-1277900.00
15/08/2026,INCOME,Impresiones,Impresiones - 15/08/2026,5000.00,-1272900.00
15/08/2026,INCOME,Papelería,Papeleria - 15/08/2026,1600.00,-1271300.00
15/08/2026,INCOME,BeMovilRemote,BeMovilRemote - 15/08/2026,35000.00,-1271300.00
15/08/2026,INCOME,Impresiones,Impresiones - 15/08/2026,1200.00,-1270100.00
15/08/2026,INCOME,Papelería,Papeleria - 15/08/2026,1300.00,-1268800.00
15/08/2026,INCOME,BeMovilRemote,BeMovilRemote - 15/08/2026,30000.00,-1268800.00
15/08/2026,INCOME,Impresiones,Impresiones - 15/08/2026,3000.00,-1265800.00
15/08/2026,INCOME,Papelería,Papeleria - 15/08/2026,4000.00,-1261800.00
15/08/2026,INCOME,BeMovilRemote,BeMovilRemote - 15/08/2026,6000.00,-1261800.00
15/08/2026,INCOME,Papelería,Papeleria - 15/08/2026,4000.00,-1257800.00
15/08/2026,INCOME,Papelería,Papeleria - 15/08/2026,4000.00,-1253800.00
17/08/2026,INCOME,BeMovilRemote,BeMovilRemote - 17/08/2026,20000.00,-1253800.00
17/08/2026,INCOME,Impresiones,Impresiones - 17/08/2026,9000.00,-1244800.00
17/08/2026,INCOME,Papelería,Papeleria - 17/08/2026,9500.00,-1235300.00
17/08/2026,EXPENSE,Ahorro para pagar,Ahorro pagar - 17/08/2026,1000000.00,-2235300.00
17/08/2026,EXPENSE,Pendientes,Pendientes - 17/08/2026,20000.00,-2255300.00
17/08/2026,INCOME,BeMovilRemote,BeMovilRemote - 17/08/2026,20000.00,-2255300.00
17/08/2026,INCOME,Impresiones,Impresiones - 17/08/2026,9600.00,-2245700.00
17/08/2026,INCOME,BeMovilRemote,BeMovilRemote - 17/08/2026,9000.00,-2245700.00
17/08/2026,INCOME,Impresiones,Impresiones - 17/08/2026,600.00,-2245100.00
17/08/2026,INCOME,BeMovilRemote,BeMovilRemote - 17/08/2026,20000.00,-2245100.00
17/08/2026,INCOME,BeMovilRemote,BeMovilRemote - 17/08/2026,25000.00,-2245100.00
17/08/2026,INCOME,BeMovilRemote,BeMovilRemote - 17/08/2026,20000.00,-2245100.00
18/08/2026,EXPENSE,Ahorro mensual,Ahorro mensual - 18/08/2026,200000.00,-2445100.00
18/08/2026,INCOME,BeMovilRemote,BeMovilRemote - 18/08/2026,10000.00,-2445100.00
18/08/2026,INCOME,Fotocopias,Fotocopias - 18/08/2026,1200.00,-2443900.00
18/08/2026,INCOME,Impresiones,Impresiones - 18/08/2026,1000.00,-2442900.00
18/08/2026,INCOME,Escaneo,Scaner - 18/08/2026,3000.00,-2439900.00
18/08/2026,INCOME,Papelería,Papeleria - 18/08/2026,1000.00,-2438900.00
18/08/2026,INCOME,Internet,Internet - 18/08/2026,1500.00,-2437400.00
18/08/2026,EXPENSE,Ahorro para pagar,Ahorro pagar - 18/08/2026,300000.00,-2737400.00
18/08/2026,INCOME,BeMovilRemote,BeMovilRemote - 18/08/2026,5500.00,-2737400.00
18/08/2026,INCOME,Fotocopias,Fotocopias - 18/08/2026,1400.00,-2736000.00
18/08/2026,INCOME,Impresiones,Impresiones - 18/08/2026,1400.00,-2734600.00
18/08/2026,INCOME,Papelería,Papeleria - 18/08/2026,2000.00,-2732600.00
18/08/2026,INCOME,Internet,Internet - 18/08/2026,1500.00,-2731100.00
18/08/2026,INCOME,BeMovilRemote,BeMovilRemote - 18/08/2026,9000.00,-2731100.00
18/08/2026,INCOME,Fotocopias,Fotocopias - 18/08/2026,1500.00,-2729600.00
18/08/2026,INCOME,Impresiones,Impresiones - 18/08/2026,1600.00,-2728000.00
18/08/2026,INCOME,Papelería,Papeleria - 18/08/2026,3000.00,-2725000.00
18/08/2026,INCOME,BeMovilRemote,BeMovilRemote - 18/08/2026,9000.00,-2725000.00
18/08/2026,INCOME,Fotocopias,Fotocopias - 18/08/2026,1000.00,-2724000.00
18/08/2026,INCOME,Impresiones,Impresiones - 18/08/2026,2000.00,-2722000.00
18/08/2026,INCOME,Papelería,Papeleria - 18/08/2026,3000.00,-2719000.00
18/08/2026,INCOME,BeMovilRemote,BeMovilRemote - 18/08/2026,2000.00,-2719000.00
18/08/2026,INCOME,Fotocopias,Fotocopias - 18/08/2026,2400.00,-2716600.00
18/08/2026,INCOME,Impresiones,Impresiones - 18/08/2026,4000.00,-2712600.00
18/08/2026,INCOME,Papelería,Papeleria - 18/08/2026,5000.00,-2707600.00
18/08/2026,INCOME,BeMovilRemote,BeMovilRemote - 18/08/2026,20000.00,-2707600.00
18/08/2026,INCOME,Fotocopias,Fotocopias - 18/08/2026,44000.00,-2663600.00
18/08/2026,INCOME,Impresiones,Impresiones - 18/08/2026,2800.00,-2660800.00
18/08/2026,INCOME,Papelería,Papeleria - 18/08/2026,1300.00,-2659500.00
18/08/2026,INCOME,BeMovilRemote,BeMovilRemote - 18/08/2026,20000.00,-2659500.00
18/08/2026,INCOME,Fotocopias,Fotocopias - 18/08/2026,5500.00,-2654000.00
18/08/2026,INCOME,Impresiones,Impresiones - 18/08/2026,5000.00,-2649000.00
18/08/2026,INCOME,Papelería,Papeleria - 18/08/2026,3500.00,-2645500.00
18/08/2026,INCOME,BeMovilRemote,BeMovilRemote - 18/08/2026,20000.00,-2645500.00
18/08/2026,INCOME,Impresiones,Impresiones - 18/08/2026,20000.00,-2625500.00
18/08/2026,INCOME,Papelería,Papeleria - 18/08/2026,1200.00,-2624300.00
18/08/2026,INCOME,BeMovilRemote,BeMovilRemote - 18/08/2026,10000.00,-2624300.00
18/08/2026,INCOME,Impresiones,Impresiones - 18/08/2026,5000.00,-2619300.00
18/08/2026,INCOME,Papelería,Papeleria - 18/08/2026,3000.00,-2616300.00
18/08/2026,INCOME,BeMovilRemote,BeMovilRemote - 18/08/2026,23000.00,-2616300.00
18/08/2026,INCOME,Impresiones,Impresiones - 18/08/2026,2400.00,-2613900.00
18/08/2026,INCOME,BeMovilRemote,BeMovilRemote - 18/08/2026,30000.00,-2613900.00
18/08/2026,INCOME,Impresiones,Impresiones - 18/08/2026,4800.00,-2609100.00
18/08/2026,INCOME,BeMovilRemote,BeMovilRemote - 18/08/2026,15000.00,-2609100.00
18/08/2026,INCOME,Impresiones,Impresiones - 18/08/2026,1000.00,-2608100.00
18/08/2026,INCOME,BeMovilRemote,BeMovilRemote - 18/08/2026,35000.00,-2608100.00
18/08/2026,INCOME,BeMovilRemote,BeMovilRemote - 18/08/2026,9000.00,-2608100.00
19/08/2026,EXPENSE,Ahorro mensual,Ahorro mensual - 19/08/2026,50000.00,-2658100.00
19/08/2026,INCOME,BeMovilRemote,BeMovilRemote - 19/08/2026,20000.00,-2658100.00
19/08/2026,INCOME,Fotocopias,Fotocopias - 19/08/2026,1300.00,-2656800.00
19/08/2026,INCOME,Impresiones,Impresiones - 19/08/2026,1500.00,-2655300.00
19/08/2026,INCOME,Papelería,Papeleria - 19/08/2026,2400.00,-2652900.00
19/08/2026,INCOME,Internet,Internet - 19/08/2026,2500.00,-2650400.00
19/08/2026,EXPENSE,Ahorro para pagar,Ahorro pagar - 19/08/2026,100000.00,-2750400.00
19/08/2026,EXPENSE,Pendientes,Pendientes - 19/08/2026,20000.00,-2770400.00
19/08/2026,INCOME,BeMovilRemote,BeMovilRemote - 19/08/2026,20000.00,-2770400.00
19/08/2026,INCOME,Fotocopias,Fotocopias - 19/08/2026,3200.00,-2767200.00
19/08/2026,INCOME,Impresiones,Impresiones - 19/08/2026,2600.00,-2764600.00
19/08/2026,INCOME,Papelería,Papeleria - 19/08/2026,13200.00,-2751400.00
19/08/2026,INCOME,Internet,Internet - 19/08/2026,1500.00,-2749900.00
19/08/2026,INCOME,BeMovilRemote,BeMovilRemote - 19/08/2026,4000.00,-2749900.00
19/08/2026,INCOME,Fotocopias,Fotocopias - 19/08/2026,3000.00,-2746900.00
19/08/2026,INCOME,Impresiones,Impresiones - 19/08/2026,3000.00,-2743900.00
19/08/2026,INCOME,Papelería,Papeleria - 19/08/2026,1400.00,-2742500.00
19/08/2026,INCOME,Internet,Internet - 19/08/2026,1500.00,-2741000.00
19/08/2026,INCOME,BeMovilRemote,BeMovilRemote - 19/08/2026,2000.00,-2741000.00
19/08/2026,INCOME,Fotocopias,Fotocopias - 19/08/2026,1600.00,-2739400.00
19/08/2026,INCOME,Impresiones,Impresiones - 19/08/2026,4200.00,-2735200.00
19/08/2026,INCOME,Papelería,Papeleria - 19/08/2026,1800.00,-2733400.00
19/08/2026,INCOME,Internet,Internet - 19/08/2026,1000.00,-2732400.00
19/08/2026,INCOME,BeMovilRemote,BeMovilRemote - 19/08/2026,20000.00,-2732400.00
19/08/2026,INCOME,Fotocopias,Fotocopias - 19/08/2026,1100.00,-2731300.00
19/08/2026,INCOME,Impresiones,Impresiones - 19/08/2026,3200.00,-2728100.00
19/08/2026,INCOME,BeMovilRemote,BeMovilRemote - 19/08/2026,5000.00,-2728100.00
19/08/2026,INCOME,Fotocopias,Fotocopias - 19/08/2026,3500.00,-2724600.00
19/08/2026,INCOME,Impresiones,Impresiones - 19/08/2026,3600.00,-2721000.00
19/08/2026,INCOME,Fotocopias,Fotocopias - 19/08/2026,1700.00,-2719300.00
19/08/2026,INCOME,Impresiones,Impresiones - 19/08/2026,2400.00,-2716900.00
19/08/2026,INCOME,Impresiones,Impresiones - 19/08/2026,4200.00,-2712700.00
19/08/2026,INCOME,Impresiones,Impresiones - 19/08/2026,3600.00,-2709100.00
19/08/2026,INCOME,Impresiones,Impresiones - 19/08/2026,3000.00,-2706100.00
19/08/2026,INCOME,Impresiones,Impresiones - 19/08/2026,1800.00,-2704300.00
19/08/2026,INCOME,Impresiones,Impresiones - 19/08/2026,1200.00,-2703100.00
01/08/2026,EXPENSE,Ahorro mensual,Ahorro mensual - 01/08/2026,400000.00,-3103100.00
01/08/2026,INCOME,BeMovilRemote,BeMovilRemote - 01/08/2026,35000.00,-3103100.00
01/08/2026,INCOME,Fotocopias,Fotocopias - 01/08/2026,3900.00,-3099200.00
01/08/2026,INCOME,Impresiones,Impresiones - 01/08/2026,1800.00,-3097400.00
01/08/2026,INCOME,Papelería,Papeleria - 01/08/2026,3000.00,-3094400.00
01/08/2026,INCOME,Internet,Internet - 01/08/2026,1500.00,-3092900.00
01/08/2026,EXPENSE,Ahorro para pagar,Ahorro pagar - 01/08/2026,170000.00,-3262900.00
01/08/2026,INCOME,BeMovilRemote,BeMovilRemote - 01/08/2026,10000.00,-3262900.00
01/08/2026,INCOME,Impresiones,Impresiones - 01/08/2026,1200.00,-3261700.00
01/08/2026,INCOME,Papelería,Papeleria - 01/08/2026,1500.00,-3260200.00
01/08/2026,INCOME,BeMovilRemote,BeMovilRemote - 01/08/2026,9000.00,-3260200.00
01/08/2026,INCOME,Impresiones,Impresiones - 01/08/2026,1200.00,-3259000.00
01/08/2026,INCOME,Papelería,Papeleria - 01/08/2026,600.00,-3258400.00
01/08/2026,INCOME,BeMovilRemote,BeMovilRemote - 01/08/2026,6000.00,-3258400.00
01/08/2026,INCOME,Impresiones,Impresiones - 01/08/2026,1000.00,-3257400.00
01/08/2026,INCOME,BeMovilRemote,BeMovilRemote - 01/08/2026,5500.00,-3257400.00
01/08/2026,INCOME,Impresiones,Impresiones - 01/08/2026,2000.00,-3255400.00
01/08/2026,INCOME,BeMovilRemote,BeMovilRemote - 01/08/2026,23000.00,-3255400.00
01/08/2026,INCOME,Impresiones,Impresiones - 01/08/2026,15000.00,-3240400.00
01/08/2026,INCOME,BeMovilRemote,BeMovilRemote - 01/08/2026,5500.00,-3240400.00
01/08/2026,INCOME,Impresiones,Impresiones - 01/08/2026,4400.00,-3236000.00
01/08/2026,INCOME,BeMovilRemote,BeMovilRemote - 01/08/2026,2000.00,-3236000.00
02/08/2026,INCOME,BeMovilRemote,BeMovilRemote - 02/08/2026,20000.00,-3236000.00
02/08/2026,INCOME,Fotocopias,Fotocopias - 02/08/2026,4200.00,-3231800.00
02/08/2026,INCOME,Impresiones,Impresiones - 02/08/2026,7000.00,-3224800.00
02/08/2026,INCOME,Papelería,Papeleria - 02/08/2026,1600.00,-3223200.00
02/08/2026,INCOME,Internet,Internet - 02/08/2026,4700.00,-3218500.00
02/08/2026,EXPENSE,Ahorro para pagar,Ahorro pagar - 02/08/2026,200000.00,-3418500.00
02/08/2026,EXPENSE,Salidas,627000,627000.00,-4045500.00
02/08/2026,INCOME,BeMovilRemote,BeMovilRemote - 02/08/2026,20000.00,-4045500.00
02/08/2026,INCOME,Fotocopias,Fotocopias - 02/08/2026,1200.00,-4044300.00
02/08/2026,INCOME,Impresiones,Impresiones - 02/08/2026,2000.00,-4042300.00
02/08/2026,INCOME,Papelería,Papeleria - 02/08/2026,3000.00,-4039300.00
02/08/2026,INCOME,BeMovilRemote,BeMovilRemote - 02/08/2026,5500.00,-4039300.00
02/08/2026,INCOME,Fotocopias,Fotocopias - 02/08/2026,1700.00,-4037600.00
02/08/2026,INCOME,Impresiones,Impresiones - 02/08/2026,1800.00,-4035800.00
02/08/2026,INCOME,Papelería,Papeleria - 02/08/2026,4200.00,-4031600.00
02/08/2026,INCOME,BeMovilRemote,BeMovilRemote - 02/08/2026,2000.00,-4031600.00
02/08/2026,INCOME,Fotocopias,Fotocopias - 02/08/2026,1500.00,-4030100.00
02/08/2026,INCOME,Impresiones,Impresiones - 02/08/2026,1200.00,-4028900.00
02/08/2026,INCOME,Papelería,Papeleria - 02/08/2026,1300.00,-4027600.00
02/08/2026,INCOME,BeMovilRemote,BeMovilRemote - 02/08/2026,9000.00,-4027600.00
02/08/2026,INCOME,Fotocopias,Fotocopias - 02/08/2026,1800.00,-4025800.00
02/08/2026,INCOME,Impresiones,Impresiones - 02/08/2026,1200.00,-4024600.00
02/08/2026,INCOME,Papelería,Papeleria - 02/08/2026,4000.00,-4020600.00
02/08/2026,INCOME,BeMovilRemote,BeMovilRemote - 02/08/2026,20000.00,-4020600.00
02/08/2026,INCOME,Fotocopias,Fotocopias - 02/08/2026,11400.00,-4009200.00
02/08/2026,INCOME,Impresiones,Impresiones - 02/08/2026,3100.00,-4006100.00
02/08/2026,INCOME,Papelería,Papeleria - 02/08/2026,2000.00,-4004100.00
02/08/2026,INCOME,BeMovilRemote,BeMovilRemote - 02/08/2026,3000.00,-4004100.00
02/08/2026,INCOME,Fotocopias,Fotocopias - 02/08/2026,1500.00,-4002600.00
02/08/2026,INCOME,Impresiones,Impresiones - 02/08/2026,3000.00,-3999600.00
02/08/2026,INCOME,Papelería,Papeleria - 02/08/2026,1000.00,-3998600.00
02/08/2026,INCOME,BeMovilRemote,BeMovilRemote - 02/08/2026,2000.00,-3998600.00
02/08/2026,INCOME,Fotocopias,Fotocopias - 02/08/2026,1800.00,-3996800.00
02/08/2026,INCOME,Impresiones,Impresiones - 02/08/2026,5000.00,-3991800.00
02/08/2026,INCOME,Papelería,Papeleria - 02/08/2026,700.00,-3991100.00
02/08/2026,INCOME,BeMovilRemote,BeMovilRemote - 02/08/2026,10000.00,-3991100.00
02/08/2026,INCOME,Fotocopias,Fotocopias - 02/08/2026,1600.00,-3989500.00
02/08/2026,INCOME,Impresiones,Impresiones - 02/08/2026,9000.00,-3980500.00
02/08/2026,INCOME,BeMovilRemote,BeMovilRemote - 02/08/2026,10000.00,-3980500.00
02/08/2026,INCOME,Fotocopias,Fotocopias - 02/08/2026,1400.00,-3979100.00
02/08/2026,INCOME,Impresiones,Impresiones - 02/08/2026,4200.00,-3974900.00
02/08/2026,INCOME,BeMovilRemote,BeMovilRemote - 02/08/2026,10000.00,-3974900.00
02/08/2026,INCOME,Fotocopias,Fotocopias - 02/08/2026,3900.00,-3971000.00
02/08/2026,INCOME,Impresiones,Impresiones - 02/08/2026,2700.00,-3968300.00
02/08/2026,INCOME,BeMovilRemote,BeMovilRemote - 02/08/2026,3000.00,-3968300.00
02/08/2026,INCOME,Fotocopias,Fotocopias - 02/08/2026,1600.00,-3966700.00
02/08/2026,INCOME,Impresiones,Impresiones - 02/08/2026,3600.00,-3963100.00
02/08/2026,INCOME,BeMovilRemote,BeMovilRemote - 02/08/2026,20000.00,-3963100.00
02/08/2026,INCOME,Fotocopias,Fotocopias - 02/08/2026,2600.00,-3960500.00
02/08/2026,INCOME,Impresiones,Impresiones - 02/08/2026,8400.00,-3952100.00
02/08/2026,INCOME,BeMovilRemote,BeMovilRemote - 02/08/2026,9000.00,-3952100.00
02/08/2026,INCOME,Impresiones,Impresiones - 02/08/2026,3000.00,-3949100.00
02/08/2026,INCOME,BeMovilRemote,BeMovilRemote - 02/08/2026,25000.00,-3949100.00
02/08/2026,INCOME,Impresiones,Impresiones - 02/08/2026,3200.00,-3945900.00
03/08/2026,INCOME,BeMovilRemote,BeMovilRemote - 03/08/2026,5500.00,-3945900.00
03/08/2026,INCOME,Fotocopias,Fotocopias - 03/08/2026,1400.00,-3944500.00
03/08/2026,INCOME,Impresiones,Impresiones - 03/08/2026,1600.00,-3942900.00
03/08/2026,INCOME,Escaneo,Scaner - 03/08/2026,600.00,-3942300.00
03/08/2026,INCOME,Papelería,Papeleria - 03/08/2026,3500.00,-3938800.00
03/08/2026,INCOME,Internet,Internet - 03/08/2026,7700.00,-3931100.00
03/08/2026,EXPENSE,Ahorro para pagar,Ahorro pagar - 03/08/2026,320000.00,-4251100.00
03/08/2026,INCOME,BeMovilRemote,BeMovilRemote - 03/08/2026,4000.00,-4251100.00
03/08/2026,INCOME,Fotocopias,Fotocopias - 03/08/2026,1000.00,-4250100.00
03/08/2026,INCOME,Impresiones,Impresiones - 03/08/2026,1100.00,-4249000.00
03/08/2026,INCOME,Papelería,Papeleria - 03/08/2026,2000.00,-4247000.00
03/08/2026,INCOME,BeMovilRemote,BeMovilRemote - 03/08/2026,4000.00,-4247000.00
03/08/2026,INCOME,Fotocopias,Fotocopias - 03/08/2026,4500.00,-4242500.00
03/08/2026,INCOME,Impresiones,Impresiones - 03/08/2026,1500.00,-4241000.00
03/08/2026,INCOME,Papelería,Papeleria - 03/08/2026,1200.00,-4239800.00
03/08/2026,INCOME,BeMovilRemote,BeMovilRemote - 03/08/2026,15000.00,-4239800.00
03/08/2026,INCOME,Fotocopias,Fotocopias - 03/08/2026,3800.00,-4236000.00
03/08/2026,INCOME,Impresiones,Impresiones - 03/08/2026,1600.00,-4234400.00
03/08/2026,INCOME,BeMovilRemote,BeMovilRemote - 03/08/2026,20000.00,-4234400.00
03/08/2026,INCOME,Fotocopias,Fotocopias - 03/08/2026,1800.00,-4232600.00
03/08/2026,INCOME,Impresiones,Impresiones - 03/08/2026,7800.00,-4224800.00
03/08/2026,INCOME,BeMovilRemote,BeMovilRemote - 03/08/2026,2000.00,-4224800.00
03/08/2026,INCOME,Fotocopias,Fotocopias - 03/08/2026,2000.00,-4222800.00
03/08/2026,INCOME,Impresiones,Impresiones - 03/08/2026,5000.00,-4217800.00
03/08/2026,INCOME,Fotocopias,Fotocopias - 03/08/2026,1200.00,-4216600.00
03/08/2026,INCOME,Impresiones,Impresiones - 03/08/2026,1600.00,-4215000.00
03/08/2026,INCOME,Fotocopias,Fotocopias - 03/08/2026,2300.00,-4212700.00
03/08/2026,INCOME,Impresiones,Impresiones - 03/08/2026,1400.00,-4211300.00
03/08/2026,INCOME,Impresiones,Impresiones - 03/08/2026,1200.00,-4210100.00
03/08/2026,INCOME,Impresiones,Impresiones - 03/08/2026,1000.00,-4209100.00
03/08/2026,INCOME,Impresiones,Impresiones - 03/08/2026,1800.00,-4207300.00
03/08/2026,INCOME,Impresiones,Impresiones - 03/08/2026,4800.00,-4202500.00
05/08/2026,INCOME,BeMovilRemote,BeMovilRemote - 05/08/2026,9000.00,-4202500.00
05/08/2026,INCOME,Fotocopias,Fotocopias - 05/08/2026,1100.00,-4201400.00
05/08/2026,INCOME,Impresiones,Impresiones - 05/08/2026,3000.00,-4198400.00
05/08/2026,INCOME,Papelería,Papeleria - 05/08/2026,4000.00,-4194400.00
05/08/2026,INCOME,Internet,Internet - 05/08/2026,1500.00,-4192900.00
05/08/2026,INCOME,BeMovilRemote,BeMovilRemote - 05/08/2026,35000.00,-4192900.00
05/08/2026,INCOME,Fotocopias,Fotocopias - 05/08/2026,20000.00,-4172900.00
05/08/2026,INCOME,Impresiones,Impresiones - 05/08/2026,6600.00,-4166300.00
05/08/2026,INCOME,Papelería,Papeleria - 05/08/2026,1800.00,-4164500.00
05/08/2026,INCOME,Internet,Internet - 05/08/2026,1500.00,-4163000.00
05/08/2026,INCOME,BeMovilRemote,BeMovilRemote - 05/08/2026,10000.00,-4163000.00
05/08/2026,INCOME,Fotocopias,Fotocopias - 05/08/2026,1000.00,-4162000.00
05/08/2026,INCOME,Impresiones,Impresiones - 05/08/2026,3000.00,-4159000.00
05/08/2026,INCOME,Papelería,Papeleria - 05/08/2026,1200.00,-4157800.00
05/08/2026,INCOME,Internet,Internet - 05/08/2026,5000.00,-4152800.00
05/08/2026,INCOME,BeMovilRemote,BeMovilRemote - 05/08/2026,6000.00,-4152800.00
05/08/2026,INCOME,Fotocopias,Fotocopias - 05/08/2026,1800.00,-4151000.00
05/08/2026,INCOME,Impresiones,Impresiones - 05/08/2026,6200.00,-4144800.00
05/08/2026,INCOME,Papelería,Papeleria - 05/08/2026,2000.00,-4142800.00
05/08/2026,INCOME,Internet,Internet - 05/08/2026,2000.00,-4140800.00
05/08/2026,INCOME,BeMovilRemote,BeMovilRemote - 05/08/2026,2000.00,-4140800.00
05/08/2026,INCOME,Fotocopias,Fotocopias - 05/08/2026,1000.00,-4139800.00
05/08/2026,INCOME,Impresiones,Impresiones - 05/08/2026,3000.00,-4136800.00
05/08/2026,INCOME,Papelería,Papeleria - 05/08/2026,1500.00,-4135300.00
05/08/2026,INCOME,BeMovilRemote,BeMovilRemote - 05/08/2026,20000.00,-4135300.00
05/08/2026,INCOME,Fotocopias,Fotocopias - 05/08/2026,3600.00,-4131700.00
05/08/2026,INCOME,Impresiones,Impresiones - 05/08/2026,3000.00,-4128700.00
05/08/2026,INCOME,BeMovilRemote,BeMovilRemote - 05/08/2026,10000.00,-4128700.00
05/08/2026,INCOME,Fotocopias,Fotocopias - 05/08/2026,1500.00,-4127200.00
05/08/2026,INCOME,Impresiones,Impresiones - 05/08/2026,4000.00,-4123200.00
05/08/2026,INCOME,Impresiones,Impresiones - 05/08/2026,4000.00,-4119200.00
05/08/2026,INCOME,Impresiones,Impresiones - 05/08/2026,2800.00,-4116400.00
05/08/2026,INCOME,Impresiones,Impresiones - 05/08/2026,4400.00,-4112000.00
06/08/2026,INCOME,BeMovilRemote,BeMovilRemote - 06/08/2026,20000.00,-4112000.00
06/08/2026,INCOME,Fotocopias,Fotocopias - 06/08/2026,1700.00,-4110300.00
06/08/2026,INCOME,Impresiones,Impresiones - 06/08/2026,2400.00,-4107900.00
06/08/2026,INCOME,Papelería,Papeleria - 06/08/2026,1200.00,-4106700.00
06/08/2026,INCOME,Internet,Internet - 06/08/2026,2000.00,-4104700.00
06/08/2026,EXPENSE,Ahorro para pagar,Ahorro pagar - 06/08/2026,140000.00,-4244700.00
06/08/2026,INCOME,BeMovilRemote,BeMovilRemote - 06/08/2026,4000.00,-4244700.00
06/08/2026,INCOME,Fotocopias,Fotocopias - 06/08/2026,1400.00,-4243300.00
06/08/2026,INCOME,Impresiones,Impresiones - 06/08/2026,5400.00,-4237900.00
06/08/2026,INCOME,Papelería,Papeleria - 06/08/2026,1200.00,-4236700.00
06/08/2026,INCOME,Internet,Internet - 06/08/2026,2500.00,-4234200.00
06/08/2026,INCOME,BeMovilRemote,BeMovilRemote - 06/08/2026,10000.00,-4234200.00
06/08/2026,INCOME,Impresiones,Impresiones - 06/08/2026,3600.00,-4230600.00
06/08/2026,INCOME,Papelería,Papeleria - 06/08/2026,1200.00,-4229400.00
06/08/2026,INCOME,Internet,Internet - 06/08/2026,1000.00,-4228400.00
06/08/2026,INCOME,BeMovilRemote,BeMovilRemote - 06/08/2026,2000.00,-4228400.00
06/08/2026,INCOME,Impresiones,Impresiones - 06/08/2026,3500.00,-4224900.00
06/08/2026,INCOME,Papelería,Papeleria - 06/08/2026,2700.00,-4222200.00
06/08/2026,INCOME,Internet,Internet - 06/08/2026,2500.00,-4219700.00
06/08/2026,INCOME,BeMovilRemote,BeMovilRemote - 06/08/2026,6000.00,-4219700.00
06/08/2026,INCOME,Impresiones,Impresiones - 06/08/2026,2700.00,-4217000.00
06/08/2026,INCOME,Papelería,Papeleria - 06/08/2026,3600.00,-4213400.00
06/08/2026,INCOME,Impresiones,Impresiones - 06/08/2026,2400.00,-4211000.00
06/08/2026,INCOME,Papelería,Papeleria - 06/08/2026,4000.00,-4207000.00
06/08/2026,INCOME,Impresiones,Impresiones - 06/08/2026,1200.00,-4205800.00
06/08/2026,INCOME,Papelería,Papeleria - 06/08/2026,1800.00,-4204000.00
06/08/2026,INCOME,Impresiones,Impresiones - 06/08/2026,1000.00,-4203000.00
06/08/2026,INCOME,Papelería,Papeleria - 06/08/2026,4500.00,-4198500.00
08/08/2026,INCOME,BeMovilRemote,BeMovilRemote - 08/08/2026,10000.00,-4198500.00
08/08/2026,INCOME,Fotocopias,Fotocopias - 08/08/2026,1400.00,-4197100.00
08/08/2026,INCOME,Impresiones,Impresiones - 08/08/2026,1300.00,-4195800.00
08/08/2026,INCOME,Escaneo,Scaner - 08/08/2026,1200.00,-4194600.00
08/08/2026,INCOME,Papelería,Papeleria - 08/08/2026,1500.00,-4193100.00
08/08/2026,INCOME,Internet,Internet - 08/08/2026,1000.00,-4192100.00
08/08/2026,EXPENSE,Ahorro para pagar,Ahorro pagar - 08/08/2026,60000.00,-4252100.00
08/08/2026,INCOME,BeMovilRemote,BeMovilRemote - 08/08/2026,9000.00,-4252100.00
08/08/2026,INCOME,Fotocopias,Fotocopias - 08/08/2026,1300.00,-4250800.00
08/08/2026,INCOME,Impresiones,Impresiones - 08/08/2026,3000.00,-4247800.00
08/08/2026,INCOME,Fotocopias,Fotocopias - 08/08/2026,1300.00,-4246500.00
08/08/2026,INCOME,Impresiones,Impresiones - 08/08/2026,3500.00,-4243000.00
08/08/2026,INCOME,Impresiones,Impresiones - 08/08/2026,3000.00,-4240000.00
08/08/2026,INCOME,Impresiones,Impresiones - 08/08/2026,5400.00,-4234600.00
08/08/2026,INCOME,Impresiones,Impresiones - 08/08/2026,600.00,-4234000.00
10/08/2026,INCOME,BeMovilRemote,BeMovilRemote - 10/08/2026,6000.00,-4234000.00
10/08/2026,INCOME,Fotocopias,Fotocopias - 10/08/2026,1600.00,-4232400.00
10/08/2026,INCOME,Impresiones,Impresiones - 10/08/2026,4200.00,-4228200.00
10/08/2026,INCOME,Escaneo,Scaner - 10/08/2026,1200.00,-4227000.00
10/08/2026,INCOME,Papelería,Papeleria - 10/08/2026,1500.00,-4225500.00
10/08/2026,INCOME,Accesorios,Accesorios - 10/08/2026,20000.00,-4205500.00
10/08/2026,INCOME,Internet,Internet - 10/08/2026,3000.00,-4202500.00
10/08/2026,EXPENSE,Ahorro para pagar,Ahorro pagar - 10/08/2026,20000.00,-4222500.00
10/08/2026,INCOME,BeMovilRemote,BeMovilRemote - 10/08/2026,10000.00,-4222500.00
10/08/2026,INCOME,Fotocopias,Fotocopias - 10/08/2026,1200.00,-4221300.00
10/08/2026,INCOME,Impresiones,Impresiones - 10/08/2026,3600.00,-4217700.00
10/08/2026,INCOME,Escaneo,Scaner - 10/08/2026,1000.00,-4216700.00
10/08/2026,INCOME,Papelería,Papeleria - 10/08/2026,1200.00,-4215500.00
10/08/2026,INCOME,Accesorios,Accesorios - 10/08/2026,10000.00,-4205500.00
10/08/2026,INCOME,Internet,Internet - 10/08/2026,2000.00,-4203500.00
10/08/2026,INCOME,BeMovilRemote,BeMovilRemote - 10/08/2026,10000.00,-4203500.00
10/08/2026,INCOME,Fotocopias,Fotocopias - 10/08/2026,2000.00,-4201500.00
10/08/2026,INCOME,Impresiones,Impresiones - 10/08/2026,2000.00,-4199500.00
10/08/2026,INCOME,Papelería,Papeleria - 10/08/2026,1800.00,-4197700.00
10/08/2026,INCOME,Accesorios,Accesorios - 10/08/2026,10000.00,-4187700.00
10/08/2026,INCOME,Internet,Internet - 10/08/2026,2000.00,-4185700.00
10/08/2026,INCOME,BeMovilRemote,BeMovilRemote - 10/08/2026,25000.00,-4185700.00
10/08/2026,INCOME,Fotocopias,Fotocopias - 10/08/2026,1000.00,-4184700.00
10/08/2026,INCOME,Impresiones,Impresiones - 10/08/2026,4200.00,-4180500.00
10/08/2026,INCOME,Papelería,Papeleria - 10/08/2026,2500.00,-4178000.00
10/08/2026,INCOME,BeMovilRemote,BeMovilRemote - 10/08/2026,20000.00,-4178000.00
10/08/2026,INCOME,Fotocopias,Fotocopias - 10/08/2026,1600.00,-4176400.00
10/08/2026,INCOME,Impresiones,Impresiones - 10/08/2026,1500.00,-4174900.00
10/08/2026,INCOME,BeMovilRemote,BeMovilRemote - 10/08/2026,9000.00,-4174900.00
10/08/2026,INCOME,Fotocopias,Fotocopias - 10/08/2026,1400.00,-4173500.00
10/08/2026,INCOME,Impresiones,Impresiones - 10/08/2026,6000.00,-4167500.00
10/08/2026,INCOME,BeMovilRemote,BeMovilRemote - 10/08/2026,10000.00,-4167500.00
10/08/2026,INCOME,Fotocopias,Fotocopias - 10/08/2026,1600.00,-4165900.00
10/08/2026,INCOME,Impresiones,Impresiones - 10/08/2026,2400.00,-4163500.00
10/08/2026,INCOME,BeMovilRemote,BeMovilRemote - 10/08/2026,8500.00,-4163500.00
10/08/2026,INCOME,Fotocopias,Fotocopias - 10/08/2026,1800.00,-4161700.00
10/08/2026,INCOME,Impresiones,Impresiones - 10/08/2026,8400.00,-4153300.00
10/08/2026,INCOME,BeMovilRemote,BeMovilRemote - 10/08/2026,20000.00,-4153300.00
10/08/2026,INCOME,Fotocopias,Fotocopias - 10/08/2026,1000.00,-4152300.00
10/08/2026,INCOME,Impresiones,Impresiones - 10/08/2026,2100.00,-4150200.00
10/08/2026,INCOME,BeMovilRemote,BeMovilRemote - 10/08/2026,2000.00,-4150200.00
10/08/2026,INCOME,Fotocopias,Fotocopias - 10/08/2026,1800.00,-4148400.00
10/08/2026,INCOME,Impresiones,Impresiones - 10/08/2026,5000.00,-4143400.00
10/08/2026,INCOME,BeMovilRemote,BeMovilRemote - 10/08/2026,10000.00,-4143400.00
10/08/2026,INCOME,Fotocopias,Fotocopias - 10/08/2026,1200.00,-4142200.00
10/08/2026,INCOME,Impresiones,Impresiones - 10/08/2026,9000.00,-4133200.00
10/08/2026,INCOME,BeMovilRemote,BeMovilRemote - 10/08/2026,6000.00,-4133200.00
10/08/2026,INCOME,Impresiones,Impresiones - 10/08/2026,1600.00,-4131600.00
10/08/2026,INCOME,BeMovilRemote,BeMovilRemote - 10/08/2026,10000.00,-4131600.00
10/08/2026,INCOME,BeMovilRemote,BeMovilRemote - 10/08/2026,15000.00,-4131600.00
11/08/2026,INCOME,BeMovilRemote,BeMovilRemote - 11/08/2026,28700.00,-4131600.00
11/08/2026,INCOME,Fotocopias,Fotocopias - 11/08/2026,1000.00,-4130600.00
11/08/2026,INCOME,Impresiones,Impresiones - 11/08/2026,1200.00,-4129400.00
11/08/2026,INCOME,Escaneo,Scaner - 11/08/2026,9000.00,-4120400.00
11/08/2026,INCOME,Papelería,Papeleria - 11/08/2026,1700.00,-4118700.00
11/08/2026,INCOME,Accesorios,Accesorios - 11/08/2026,70000.00,-4048700.00
11/08/2026,INCOME,Internet,Internet - 11/08/2026,1000.00,-4047700.00
11/08/2026,EXPENSE,Ahorro para pagar,Ahorro pagar - 11/08/2026,80000.00,-4127700.00
11/08/2026,INCOME,BeMovilRemote,BeMovilRemote - 11/08/2026,35000.00,-4127700.00
11/08/2026,INCOME,Fotocopias,Fotocopias - 11/08/2026,1500.00,-4126200.00
11/08/2026,INCOME,Impresiones,Impresiones - 11/08/2026,1200.00,-4125000.00
11/08/2026,INCOME,Papelería,Papeleria - 11/08/2026,1300.00,-4123700.00
11/08/2026,INCOME,Internet,Internet - 11/08/2026,1500.00,-4122200.00
11/08/2026,INCOME,BeMovilRemote,BeMovilRemote - 11/08/2026,35000.00,-4122200.00
11/08/2026,INCOME,Fotocopias,Fotocopias - 11/08/2026,1800.00,-4120400.00
11/08/2026,INCOME,Impresiones,Impresiones - 11/08/2026,2400.00,-4118000.00
11/08/2026,INCOME,Papelería,Papeleria - 11/08/2026,1600.00,-4116400.00
11/08/2026,INCOME,BeMovilRemote,BeMovilRemote - 11/08/2026,28700.00,-4116400.00
11/08/2026,INCOME,Fotocopias,Fotocopias - 11/08/2026,3000.00,-4113400.00
11/08/2026,INCOME,Impresiones,Impresiones - 11/08/2026,1200.00,-4112200.00
11/08/2026,INCOME,Papelería,Papeleria - 11/08/2026,2400.00,-4109800.00
11/08/2026,INCOME,BeMovilRemote,BeMovilRemote - 11/08/2026,20000.00,-4109800.00
11/08/2026,INCOME,Fotocopias,Fotocopias - 11/08/2026,7200.00,-4102600.00
11/08/2026,INCOME,Impresiones,Impresiones - 11/08/2026,1200.00,-4101400.00
11/08/2026,INCOME,Papelería,Papeleria - 11/08/2026,1000.00,-4100400.00
11/08/2026,INCOME,BeMovilRemote,BeMovilRemote - 11/08/2026,20000.00,-4100400.00
11/08/2026,INCOME,Fotocopias,Fotocopias - 11/08/2026,1200.00,-4099200.00
11/08/2026,INCOME,Impresiones,Impresiones - 11/08/2026,3300.00,-4095900.00
11/08/2026,INCOME,Papelería,Papeleria - 11/08/2026,1600.00,-4094300.00
11/08/2026,INCOME,BeMovilRemote,BeMovilRemote - 11/08/2026,20000.00,-4094300.00
11/08/2026,INCOME,Fotocopias,Fotocopias - 11/08/2026,2400.00,-4091900.00
11/08/2026,INCOME,Impresiones,Impresiones - 11/08/2026,3300.00,-4088600.00
11/08/2026,INCOME,Papelería,Papeleria - 11/08/2026,1500.00,-4087100.00
11/08/2026,INCOME,BeMovilRemote,BeMovilRemote - 11/08/2026,9000.00,-4087100.00
11/08/2026,INCOME,Fotocopias,Fotocopias - 11/08/2026,6000.00,-4081100.00
11/08/2026,INCOME,Impresiones,Impresiones - 11/08/2026,5400.00,-4075700.00
11/08/2026,INCOME,Papelería,Papeleria - 11/08/2026,4000.00,-4071700.00
11/08/2026,INCOME,Fotocopias,Fotocopias - 11/08/2026,2000.00,-4069700.00
11/08/2026,INCOME,Impresiones,Impresiones - 11/08/2026,1800.00,-4067900.00
11/08/2026,INCOME,Papelería,Papeleria - 11/08/2026,2500.00,-4065400.00
11/08/2026,INCOME,Fotocopias,Fotocopias - 11/08/2026,1900.00,-4063500.00
11/08/2026,INCOME,Impresiones,Impresiones - 11/08/2026,20000.00,-4043500.00
11/08/2026,INCOME,Papelería,Papeleria - 11/08/2026,4000.00,-4039500.00
11/08/2026,INCOME,Fotocopias,Fotocopias - 11/08/2026,6000.00,-4033500.00
11/08/2026,INCOME,Impresiones,Impresiones - 11/08/2026,5000.00,-4028500.00
11/08/2026,INCOME,Papelería,Papeleria - 11/08/2026,1400.00,-4027100.00
11/08/2026,INCOME,Impresiones,Impresiones - 11/08/2026,6000.00,-4021100.00
12/08/2026,INCOME,BeMovilRemote,BeMovilRemote - 12/08/2026,5500.00,-4021100.00
12/08/2026,INCOME,Fotocopias,Fotocopias - 12/08/2026,1200.00,-4019900.00
12/08/2026,INCOME,Impresiones,Impresiones - 12/08/2026,1200.00,-4018700.00
12/08/2026,INCOME,Escaneo,Scaner - 12/08/2026,500.00,-4018200.00
12/08/2026,INCOME,Papelería,Papeleria - 12/08/2026,2000.00,-4016200.00
12/08/2026,INCOME,Internet,Internet - 12/08/2026,1500.00,-4014700.00
12/08/2026,EXPENSE,Ahorro para pagar,Ahorro pagar - 12/08/2026,100000.00,-4114700.00
12/08/2026,INCOME,BeMovilRemote,BeMovilRemote - 12/08/2026,35000.00,-4114700.00
12/08/2026,INCOME,Fotocopias,Fotocopias - 12/08/2026,8600.00,-4106100.00
12/08/2026,INCOME,Impresiones,Impresiones - 12/08/2026,1800.00,-4104300.00
12/08/2026,INCOME,Internet,Internet - 12/08/2026,1500.00,-4102800.00
12/08/2026,INCOME,BeMovilRemote,BeMovilRemote - 12/08/2026,3000.00,-4102800.00
12/08/2026,INCOME,Fotocopias,Fotocopias - 12/08/2026,7200.00,-4095600.00
12/08/2026,INCOME,Impresiones,Impresiones - 12/08/2026,1100.00,-4094500.00
12/08/2026,INCOME,Internet,Internet - 12/08/2026,1500.00,-4093000.00
12/08/2026,INCOME,Fotocopias,Fotocopias - 12/08/2026,5400.00,-4087600.00
12/08/2026,INCOME,Impresiones,Impresiones - 12/08/2026,3600.00,-4084000.00
12/08/2026,INCOME,Fotocopias,Fotocopias - 12/08/2026,2400.00,-4081600.00
12/08/2026,INCOME,Impresiones,Impresiones - 12/08/2026,1800.00,-4079800.00
12/08/2026,INCOME,Fotocopias,Fotocopias - 12/08/2026,1200.00,-4078600.00
12/08/2026,INCOME,Impresiones,Impresiones - 12/08/2026,2000.00,-4076600.00
12/08/2026,INCOME,Impresiones,Impresiones - 12/08/2026,2000.00,-4074600.00
12/08/2026,INCOME,Impresiones,Impresiones - 12/08/2026,3000.00,-4071600.00
12/08/2026,INCOME,Impresiones,Impresiones - 12/08/2026,4000.00,-4067600.00
12/08/2026,INCOME,Impresiones,Impresiones - 12/08/2026,8000.00,-4059600.00
13/08/2026,INCOME,BeMovilRemote,BeMovilRemote - 13/08/2026,10000.00,-4059600.00
13/08/2026,INCOME,Fotocopias,Fotocopias - 13/08/2026,1200.00,-4058400.00
13/08/2026,INCOME,Impresiones,Impresiones - 13/08/2026,3600.00,-4054800.00
13/08/2026,INCOME,Escaneo,Scaner - 13/08/2026,1800.00,-4053000.00
13/08/2026,INCOME,Papelería,Papeleria - 13/08/2026,3000.00,-4050000.00
13/08/2026,INCOME,Accesorios,Accesorios - 13/08/2026,6000.00,-4044000.00
13/08/2026,INCOME,Internet,Internet - 13/08/2026,3000.00,-4041000.00
13/08/2026,EXPENSE,Ahorro para pagar,Ahorro pagar - 13/08/2026,40000.00,-4081000.00
13/08/2026,INCOME,BeMovilRemote,BeMovilRemote - 13/08/2026,4000.00,-4081000.00
13/08/2026,INCOME,Fotocopias,Fotocopias - 13/08/2026,1800.00,-4079200.00
13/08/2026,INCOME,Impresiones,Impresiones - 13/08/2026,1100.00,-4078100.00
13/08/2026,INCOME,Papelería,Papeleria - 13/08/2026,3000.00,-4075100.00
13/08/2026,INCOME,Internet,Internet - 13/08/2026,11000.00,-4064100.00
13/08/2026,INCOME,BeMovilRemote,BeMovilRemote - 13/08/2026,10000.00,-4064100.00
13/08/2026,INCOME,Fotocopias,Fotocopias - 13/08/2026,1000.00,-4063100.00
13/08/2026,INCOME,Impresiones,Impresiones - 13/08/2026,3600.00,-4059500.00
13/08/2026,INCOME,Papelería,Papeleria - 13/08/2026,1500.00,-4058000.00
13/08/2026,INCOME,Internet,Internet - 13/08/2026,500.00,-4057500.00
13/08/2026,INCOME,BeMovilRemote,BeMovilRemote - 13/08/2026,20000.00,-4057500.00
13/08/2026,INCOME,Fotocopias,Fotocopias - 13/08/2026,1400.00,-4056100.00
13/08/2026,INCOME,Impresiones,Impresiones - 13/08/2026,4800.00,-4051300.00
13/08/2026,INCOME,Fotocopias,Fotocopias - 13/08/2026,1000.00,-4050300.00
13/08/2026,INCOME,Impresiones,Impresiones - 13/08/2026,1200.00,-4049100.00
13/08/2026,INCOME,Impresiones,Impresiones - 13/08/2026,1200.00,-4047900.00
13/08/2026,INCOME,Impresiones,Impresiones - 13/08/2026,3000.00,-4044900.00
13/08/2026,INCOME,Impresiones,Impresiones - 13/08/2026,6000.00,-4038900.00
13/08/2026,INCOME,Impresiones,Impresiones - 13/08/2026,63000.00,-3975900.00
13/08/2026,INCOME,Impresiones,Impresiones - 13/08/2026,6300.00,-3969600.00
13/08/2026,INCOME,Impresiones,Impresiones - 13/08/2026,2800.00,-3966800.00
14/08/2026,INCOME,BeMovilRemote,BeMovilRemote - 14/08/2026,5500.00,-3966800.00
14/08/2026,INCOME,Fotocopias,Fotocopias - 14/08/2026,50000.00,-3916800.00
14/08/2026,INCOME,Impresiones,Impresiones - 14/08/2026,2400.00,-3914400.00
14/08/2026,INCOME,Papelería,Papeleria - 14/08/2026,1600.00,-3912800.00
14/08/2026,INCOME,Accesorios,Accesorios - 14/08/2026,76000.00,-3836800.00
14/08/2026,EXPENSE,Ahorro para pagar,Ahorro pagar - 14/08/2026,120000.00,-3956800.00
14/08/2026,INCOME,BeMovilRemote,BeMovilRemote - 14/08/2026,6000.00,-3956800.00
14/08/2026,INCOME,Fotocopias,Fotocopias - 14/08/2026,1500.00,-3955300.00
14/08/2026,INCOME,Impresiones,Impresiones - 14/08/2026,3000.00,-3952300.00
14/08/2026,INCOME,Papelería,Papeleria - 14/08/2026,1200.00,-3951100.00
14/08/2026,INCOME,BeMovilRemote,BeMovilRemote - 14/08/2026,5500.00,-3951100.00
14/08/2026,INCOME,Fotocopias,Fotocopias - 14/08/2026,1600.00,-3949500.00
14/08/2026,INCOME,Impresiones,Impresiones - 14/08/2026,1600.00,-3947900.00
14/08/2026,INCOME,Papelería,Papeleria - 14/08/2026,1500.00,-3946400.00
14/08/2026,INCOME,BeMovilRemote,BeMovilRemote - 14/08/2026,9000.00,-3946400.00
14/08/2026,INCOME,Fotocopias,Fotocopias - 14/08/2026,1900.00,-3944500.00
14/08/2026,INCOME,Impresiones,Impresiones - 14/08/2026,1200.00,-3943300.00
14/08/2026,INCOME,Papelería,Papeleria - 14/08/2026,3000.00,-3940300.00
14/08/2026,INCOME,BeMovilRemote,BeMovilRemote - 14/08/2026,2000.00,-3940300.00
14/08/2026,INCOME,Impresiones,Impresiones - 14/08/2026,1800.00,-3938500.00
14/08/2026,INCOME,Impresiones,Impresiones - 14/08/2026,1200.00,-3937300.00
14/08/2026,INCOME,Impresiones,Impresiones - 14/08/2026,3000.00,-3934300.00
14/08/2026,INCOME,Impresiones,Impresiones - 14/08/2026,2400.00,-3931900.00
14/08/2026,INCOME,Impresiones,Impresiones - 14/08/2026,7200.00,-3924700.00
14/08/2026,INCOME,Impresiones,Impresiones - 14/08/2026,6000.00,-3918700.00
14/08/2026,INCOME,Impresiones,Impresiones - 14/08/2026,6600.00,-3912100.00
15/08/2026,INCOME,BeMovilRemote,BeMovilRemote - 15/08/2026,10000.00,-3912100.00
15/08/2026,INCOME,Fotocopias,Fotocopias - 15/08/2026,4000.00,-3908100.00
15/08/2026,INCOME,Impresiones,Impresiones - 15/08/2026,12000.00,-3896100.00
15/08/2026,INCOME,Papelería,Papeleria - 15/08/2026,8000.00,-3888100.00
15/08/2026,INCOME,Internet,Internet - 15/08/2026,1000.00,-3887100.00
15/08/2026,EXPENSE,Ahorro para pagar,Ahorro pagar - 15/08/2026,100000.00,-3987100.00
15/08/2026,EXPENSE,Salidas,8000,8000.00,-3995100.00
15/08/2026,INCOME,BeMovilRemote,BeMovilRemote - 15/08/2026,5000.00,-3995100.00
15/08/2026,INCOME,Fotocopias,Fotocopias - 15/08/2026,4000.00,-3991100.00
15/08/2026,INCOME,Impresiones,Impresiones - 15/08/2026,5000.00,-3986100.00
15/08/2026,INCOME,Papelería,Papeleria - 15/08/2026,2500.00,-3983600.00
15/08/2026,INCOME,Internet,Internet - 15/08/2026,1600.00,-3982000.00
15/08/2026,INCOME,BeMovilRemote,BeMovilRemote - 15/08/2026,5500.00,-3982000.00
15/08/2026,INCOME,Fotocopias,Fotocopias - 15/08/2026,1000.00,-3981000.00
15/08/2026,INCOME,Impresiones,Impresiones - 15/08/2026,5000.00,-3976000.00
15/08/2026,INCOME,Papelería,Papeleria - 15/08/2026,1600.00,-3974400.00
15/08/2026,INCOME,BeMovilRemote,BeMovilRemote - 15/08/2026,35000.00,-3974400.00
15/08/2026,INCOME,Impresiones,Impresiones - 15/08/2026,1200.00,-3973200.00
15/08/2026,INCOME,Papelería,Papeleria - 15/08/2026,1300.00,-3971900.00
15/08/2026,INCOME,BeMovilRemote,BeMovilRemote - 15/08/2026,30000.00,-3971900.00
15/08/2026,INCOME,Impresiones,Impresiones - 15/08/2026,3000.00,-3968900.00
15/08/2026,INCOME,Papelería,Papeleria - 15/08/2026,4000.00,-3964900.00
15/08/2026,INCOME,BeMovilRemote,BeMovilRemote - 15/08/2026,6000.00,-3964900.00
15/08/2026,INCOME,Papelería,Papeleria - 15/08/2026,4000.00,-3960900.00
15/08/2026,INCOME,Papelería,Papeleria - 15/08/2026,4000.00,-3956900.00
17/08/2026,INCOME,BeMovilRemote,BeMovilRemote - 17/08/2026,20000.00,-3956900.00
17/08/2026,INCOME,Impresiones,Impresiones - 17/08/2026,9000.00,-3947900.00
17/08/2026,INCOME,Papelería,Papeleria - 17/08/2026,9500.00,-3938400.00
17/08/2026,EXPENSE,Ahorro para pagar,Ahorro pagar - 17/08/2026,1000000.00,-4938400.00
17/08/2026,EXPENSE,Pendientes,Pendientes - 17/08/2026,20000.00,-4958400.00
17/08/2026,INCOME,BeMovilRemote,BeMovilRemote - 17/08/2026,20000.00,-4958400.00
17/08/2026,INCOME,Impresiones,Impresiones - 17/08/2026,9600.00,-4948800.00
17/08/2026,INCOME,BeMovilRemote,BeMovilRemote - 17/08/2026,9000.00,-4948800.00
17/08/2026,INCOME,Impresiones,Impresiones - 17/08/2026,600.00,-4948200.00
17/08/2026,INCOME,BeMovilRemote,BeMovilRemote - 17/08/2026,20000.00,-4948200.00
17/08/2026,INCOME,BeMovilRemote,BeMovilRemote - 17/08/2026,25000.00,-4948200.00
17/08/2026,INCOME,BeMovilRemote,BeMovilRemote - 17/08/2026,20000.00,-4948200.00
18/08/2026,EXPENSE,Ahorro mensual,Ahorro mensual - 18/08/2026,200000.00,-5148200.00
18/08/2026,INCOME,BeMovilRemote,BeMovilRemote - 18/08/2026,10000.00,-5148200.00
18/08/2026,INCOME,Fotocopias,Fotocopias - 18/08/2026,1200.00,-5147000.00
18/08/2026,INCOME,Impresiones,Impresiones - 18/08/2026,1000.00,-5146000.00
18/08/2026,INCOME,Escaneo,Scaner - 18/08/2026,3000.00,-5143000.00
18/08/2026,INCOME,Papelería,Papeleria - 18/08/2026,1000.00,-5142000.00
18/08/2026,INCOME,Internet,Internet - 18/08/2026,1500.00,-5140500.00
18/08/2026,EXPENSE,Ahorro para pagar,Ahorro pagar - 18/08/2026,300000.00,-5440500.00
18/08/2026,INCOME,BeMovilRemote,BeMovilRemote - 18/08/2026,5500.00,-5440500.00
18/08/2026,INCOME,Fotocopias,Fotocopias - 18/08/2026,1400.00,-5439100.00
18/08/2026,INCOME,Impresiones,Impresiones - 18/08/2026,1400.00,-5437700.00
18/08/2026,INCOME,Papelería,Papeleria - 18/08/2026,2000.00,-5435700.00
18/08/2026,INCOME,Internet,Internet - 18/08/2026,1500.00,-5434200.00
18/08/2026,INCOME,BeMovilRemote,BeMovilRemote - 18/08/2026,9000.00,-5434200.00
18/08/2026,INCOME,Fotocopias,Fotocopias - 18/08/2026,1500.00,-5432700.00
18/08/2026,INCOME,Impresiones,Impresiones - 18/08/2026,1600.00,-5431100.00
18/08/2026,INCOME,Papelería,Papeleria - 18/08/2026,3000.00,-5428100.00
18/08/2026,INCOME,BeMovilRemote,BeMovilRemote - 18/08/2026,9000.00,-5428100.00
18/08/2026,INCOME,Fotocopias,Fotocopias - 18/08/2026,1000.00,-5427100.00
18/08/2026,INCOME,Impresiones,Impresiones - 18/08/2026,2000.00,-5425100.00
18/08/2026,INCOME,Papelería,Papeleria - 18/08/2026,3000.00,-5422100.00
18/08/2026,INCOME,BeMovilRemote,BeMovilRemote - 18/08/2026,2000.00,-5422100.00
18/08/2026,INCOME,Fotocopias,Fotocopias - 18/08/2026,2400.00,-5419700.00
18/08/2026,INCOME,Impresiones,Impresiones - 18/08/2026,4000.00,-5415700.00
18/08/2026,INCOME,Papelería,Papeleria - 18/08/2026,5000.00,-5410700.00
18/08/2026,INCOME,BeMovilRemote,BeMovilRemote - 18/08/2026,20000.00,-5410700.00
18/08/2026,INCOME,Fotocopias,Fotocopias - 18/08/2026,44000.00,-5366700.00
18/08/2026,INCOME,Impresiones,Impresiones - 18/08/2026,2800.00,-5363900.00
18/08/2026,INCOME,Papelería,Papeleria - 18/08/2026,1300.00,-5362600.00
18/08/2026,INCOME,BeMovilRemote,BeMovilRemote - 18/08/2026,20000.00,-5362600.00
18/08/2026,INCOME,Fotocopias,Fotocopias - 18/08/2026,5500.00,-5357100.00
18/08/2026,INCOME,Impresiones,Impresiones - 18/08/2026,5000.00,-5352100.00
18/08/2026,INCOME,Papelería,Papeleria - 18/08/2026,3500.00,-5348600.00
18/08/2026,INCOME,BeMovilRemote,BeMovilRemote - 18/08/2026,20000.00,-5348600.00
18/08/2026,INCOME,Impresiones,Impresiones - 18/08/2026,20000.00,-5328600.00
18/08/2026,INCOME,Papelería,Papeleria - 18/08/2026,1200.00,-5327400.00
18/08/2026,INCOME,BeMovilRemote,BeMovilRemote - 18/08/2026,10000.00,-5327400.00
18/08/2026,INCOME,Impresiones,Impresiones - 18/08/2026,5000.00,-5322400.00
18/08/2026,INCOME,Papelería,Papeleria - 18/08/2026,3000.00,-5319400.00
18/08/2026,INCOME,BeMovilRemote,BeMovilRemote - 18/08/2026,23000.00,-5319400.00
18/08/2026,INCOME,Impresiones,Impresiones - 18/08/2026,2400.00,-5317000.00
18/08/2026,INCOME,BeMovilRemote,BeMovilRemote - 18/08/2026,30000.00,-5317000.00
18/08/2026,INCOME,Impresiones,Impresiones - 18/08/2026,4800.00,-5312200.00
18/08/2026,INCOME,BeMovilRemote,BeMovilRemote - 18/08/2026,15000.00,-5312200.00
18/08/2026,INCOME,Impresiones,Impresiones - 18/08/2026,1000.00,-5311200.00
18/08/2026,INCOME,BeMovilRemote,BeMovilRemote - 18/08/2026,35000.00,-5311200.00
18/08/2026,INCOME,BeMovilRemote,BeMovilRemote - 18/08/2026,9000.00,-5311200.00
19/08/2026,EXPENSE,Ahorro mensual,Ahorro mensual - 19/08/2026,50000.00,-5361200.00
19/08/2026,INCOME,BeMovilRemote,BeMovilRemote - 19/08/2026,20000.00,-5361200.00
19/08/2026,INCOME,Fotocopias,Fotocopias - 19/08/2026,1300.00,-5359900.00
19/08/2026,INCOME,Impresiones,Impresiones - 19/08/2026,1500.00,-5358400.00
19/08/2026,INCOME,Papelería,Papeleria - 19/08/2026,2400.00,-5356000.00
19/08/2026,INCOME,Internet,Internet - 19/08/2026,2500.00,-5353500.00
19/08/2026,EXPENSE,Ahorro para pagar,Ahorro pagar - 19/08/2026,100000.00,-5453500.00
19/08/2026,EXPENSE,Pendientes,Pendientes - 19/08/2026,20000.00,-5473500.00
19/08/2026,INCOME,BeMovilRemote,BeMovilRemote - 19/08/2026,20000.00,-5473500.00
19/08/2026,INCOME,Fotocopias,Fotocopias - 19/08/2026,3200.00,-5470300.00
19/08/2026,INCOME,Impresiones,Impresiones - 19/08/2026,2600.00,-5467700.00
19/08/2026,INCOME,Papelería,Papeleria - 19/08/2026,13200.00,-5454500.00
19/08/2026,INCOME,Internet,Internet - 19/08/2026,1500.00,-5453000.00
19/08/2026,INCOME,BeMovilRemote,BeMovilRemote - 19/08/2026,4000.00,-5453000.00
19/08/2026,INCOME,Fotocopias,Fotocopias - 19/08/2026,3000.00,-5450000.00
19/08/2026,INCOME,Impresiones,Impresiones - 19/08/2026,3000.00,-5447000.00
19/08/2026,INCOME,Papelería,Papeleria - 19/08/2026,1400.00,-5445600.00
19/08/2026,INCOME,Internet,Internet - 19/08/2026,1500.00,-5444100.00
19/08/2026,INCOME,BeMovilRemote,BeMovilRemote - 19/08/2026,2000.00,-5444100.00
19/08/2026,INCOME,Fotocopias,Fotocopias - 19/08/2026,1600.00,-5442500.00
19/08/2026,INCOME,Impresiones,Impresiones - 19/08/2026,4200.00,-5438300.00
19/08/2026,INCOME,Papelería,Papeleria - 19/08/2026,1800.00,-5436500.00
19/08/2026,INCOME,Internet,Internet - 19/08/2026,1000.00,-5435500.00
19/08/2026,INCOME,BeMovilRemote,BeMovilRemote - 19/08/2026,20000.00,-5435500.00
19/08/2026,INCOME,Fotocopias,Fotocopias - 19/08/2026,1100.00,-5434400.00
19/08/2026,INCOME,Impresiones,Impresiones - 19/08/2026,3200.00,-5431200.00
19/08/2026,INCOME,BeMovilRemote,BeMovilRemote - 19/08/2026,5000.00,-5431200.00
19/08/2026,INCOME,Fotocopias,Fotocopias - 19/08/2026,3500.00,-5427700.00
19/08/2026,INCOME,Impresiones,Impresiones - 19/08/2026,3600.00,-5424100.00
19/08/2026,INCOME,Fotocopias,Fotocopias - 19/08/2026,1700.00,-5422400.00
19/08/2026,INCOME,Impresiones,Impresiones - 19/08/2026,2400.00,-5420000.00
19/08/2026,INCOME,Impresiones,Impresiones - 19/08/2026,4200.00,-5415800.00
19/08/2026,INCOME,Impresiones,Impresiones - 19/08/2026,3600.00,-5412200.00
19/08/2026,INCOME,Impresiones,Impresiones - 19/08/2026,3000.00,-5409200.00
19/08/2026,INCOME,Impresiones,Impresiones - 19/08/2026,1800.00,-5407400.00
19/08/2026,INCOME,Impresiones,Impresiones - 19/08/2026,1200.00,-5406200.00
20/08/2026,INCOME,Accesorios,accesorios REMOTE,76000.00,-5330200.00
20/08/2026,INCOME,Accesorios,accesorios REMOTE,76000.00,-5254200.00
20/08/2026,INCOME,Impresiones,accesorios REMOTE,190000.00,-5064200.00
20/08/2026,INCOME,Accesorios,aa,76000.00,-4988200.00
01/08/2026,INCOME,Ahorro mensual,Ahorro mensual - 01/08/2026,400000.00,-4588200.00
01/08/2026,INCOME,BeMovilRemote,BeMovilRemote - 01/08/2026,35000.00,-4588200.00
01/08/2026,INCOME,Fotocopias,Fotocopias - 01/08/2026,3900.00,-4584300.00
01/08/2026,INCOME,Impresiones,Impresiones - 01/08/2026,1800.00,-4582500.00
01/08/2026,INCOME,Papelería,Papeleria - 01/08/2026,3000.00,-4579500.00
01/08/2026,INCOME,Internet,Internet - 01/08/2026,1500.00,-4578000.00
01/08/2026,EXPENSE,Ahorro para pagar,Ahorro pagar - 01/08/2026,170000.00,-4748000.00
01/08/2026,INCOME,BeMovilRemote,BeMovilRemote - 01/08/2026,10000.00,-4748000.00
01/08/2026,INCOME,Impresiones,Impresiones - 01/08/2026,1200.00,-4746800.00
01/08/2026,INCOME,Papelería,Papeleria - 01/08/2026,1500.00,-4745300.00
01/08/2026,INCOME,BeMovilRemote,BeMovilRemote - 01/08/2026,9000.00,-4745300.00
01/08/2026,INCOME,Impresiones,Impresiones - 01/08/2026,1200.00,-4744100.00
01/08/2026,INCOME,Papelería,Papeleria - 01/08/2026,600.00,-4743500.00
01/08/2026,INCOME,BeMovilRemote,BeMovilRemote - 01/08/2026,6000.00,-4743500.00
01/08/2026,INCOME,Impresiones,Impresiones - 01/08/2026,1000.00,-4742500.00
01/08/2026,INCOME,BeMovilRemote,BeMovilRemote - 01/08/2026,5500.00,-4742500.00
01/08/2026,INCOME,Impresiones,Impresiones - 01/08/2026,2000.00,-4740500.00
01/08/2026,INCOME,BeMovilRemote,BeMovilRemote - 01/08/2026,23000.00,-4740500.00
01/08/2026,INCOME,Impresiones,Impresiones - 01/08/2026,15000.00,-4725500.00
01/08/2026,INCOME,BeMovilRemote,BeMovilRemote - 01/08/2026,5500.00,-4725500.00
01/08/2026,INCOME,Impresiones,Impresiones - 01/08/2026,4400.00,-4721100.00
01/08/2026,INCOME,BeMovilRemote,BeMovilRemote - 01/08/2026,2000.00,-4721100.00
02/08/2026,INCOME,BeMovilRemote,BeMovilRemote - 02/08/2026,20000.00,-4721100.00
02/08/2026,INCOME,Fotocopias,Fotocopias - 02/08/2026,4200.00,-4716900.00
02/08/2026,INCOME,Impresiones,Impresiones - 02/08/2026,7000.00,-4709900.00
02/08/2026,INCOME,Papelería,Papeleria - 02/08/2026,1600.00,-4708300.00
02/08/2026,INCOME,Internet,Internet - 02/08/2026,4700.00,-4703600.00
02/08/2026,EXPENSE,Ahorro para pagar,Ahorro pagar - 02/08/2026,200000.00,-4903600.00
02/08/2026,EXPENSE,Salidas,627000,627000.00,-5530600.00
02/08/2026,INCOME,BeMovilRemote,BeMovilRemote - 02/08/2026,20000.00,-5530600.00
02/08/2026,INCOME,Fotocopias,Fotocopias - 02/08/2026,1200.00,-5529400.00
02/08/2026,INCOME,Impresiones,Impresiones - 02/08/2026,2000.00,-5527400.00
02/08/2026,INCOME,Papelería,Papeleria - 02/08/2026,3000.00,-5524400.00
02/08/2026,INCOME,BeMovilRemote,BeMovilRemote - 02/08/2026,5500.00,-5524400.00
02/08/2026,INCOME,Fotocopias,Fotocopias - 02/08/2026,1700.00,-5522700.00
02/08/2026,INCOME,Impresiones,Impresiones - 02/08/2026,1800.00,-5520900.00
02/08/2026,INCOME,Papelería,Papeleria - 02/08/2026,4200.00,-5516700.00
02/08/2026,INCOME,BeMovilRemote,BeMovilRemote - 02/08/2026,2000.00,-5516700.00
02/08/2026,INCOME,Fotocopias,Fotocopias - 02/08/2026,1500.00,-5515200.00
02/08/2026,INCOME,Impresiones,Impresiones - 02/08/2026,1200.00,-5514000.00
02/08/2026,INCOME,Papelería,Papeleria - 02/08/2026,1300.00,-5512700.00
02/08/2026,INCOME,BeMovilRemote,BeMovilRemote - 02/08/2026,9000.00,-5512700.00
02/08/2026,INCOME,Fotocopias,Fotocopias - 02/08/2026,1800.00,-5510900.00
02/08/2026,INCOME,Impresiones,Impresiones - 02/08/2026,1200.00,-5509700.00
02/08/2026,INCOME,Papelería,Papeleria - 02/08/2026,4000.00,-5505700.00
02/08/2026,INCOME,BeMovilRemote,BeMovilRemote - 02/08/2026,20000.00,-5505700.00
02/08/2026,INCOME,Fotocopias,Fotocopias - 02/08/2026,11400.00,-5494300.00
02/08/2026,INCOME,Impresiones,Impresiones - 02/08/2026,3100.00,-5491200.00
02/08/2026,INCOME,Papelería,Papeleria - 02/08/2026,2000.00,-5489200.00
02/08/2026,INCOME,BeMovilRemote,BeMovilRemote - 02/08/2026,3000.00,-5489200.00
02/08/2026,INCOME,Fotocopias,Fotocopias - 02/08/2026,1500.00,-5487700.00
02/08/2026,INCOME,Impresiones,Impresiones - 02/08/2026,3000.00,-5484700.00
02/08/2026,INCOME,Papelería,Papeleria - 02/08/2026,1000.00,-5483700.00
02/08/2026,INCOME,BeMovilRemote,BeMovilRemote - 02/08/2026,2000.00,-5483700.00
02/08/2026,INCOME,Fotocopias,Fotocopias - 02/08/2026,1800.00,-5481900.00
02/08/2026,INCOME,Impresiones,Impresiones - 02/08/2026,5000.00,-5476900.00
02/08/2026,INCOME,Papelería,Papeleria - 02/08/2026,700.00,-5476200.00
02/08/2026,INCOME,BeMovilRemote,BeMovilRemote - 02/08/2026,10000.00,-5476200.00
02/08/2026,INCOME,Fotocopias,Fotocopias - 02/08/2026,1600.00,-5474600.00
02/08/2026,INCOME,Impresiones,Impresiones - 02/08/2026,9000.00,-5465600.00
02/08/2026,INCOME,BeMovilRemote,BeMovilRemote - 02/08/2026,10000.00,-5465600.00
02/08/2026,INCOME,Fotocopias,Fotocopias - 02/08/2026,1400.00,-5464200.00
02/08/2026,INCOME,Impresiones,Impresiones - 02/08/2026,4200.00,-5460000.00
02/08/2026,INCOME,BeMovilRemote,BeMovilRemote - 02/08/2026,10000.00,-5460000.00
02/08/2026,INCOME,Fotocopias,Fotocopias - 02/08/2026,3900.00,-5456100.00
02/08/2026,INCOME,Impresiones,Impresiones - 02/08/2026,2700.00,-5453400.00
02/08/2026,INCOME,BeMovilRemote,BeMovilRemote - 02/08/2026,3000.00,-5453400.00
02/08/2026,INCOME,Fotocopias,Fotocopias - 02/08/2026,1600.00,-5451800.00
02/08/2026,INCOME,Impresiones,Impresiones - 02/08/2026,3600.00,-5448200.00
02/08/2026,INCOME,BeMovilRemote,BeMovilRemote - 02/08/2026,20000.00,-5448200.00
02/08/2026,INCOME,Fotocopias,Fotocopias - 02/08/2026,2600.00,-5445600.00
02/08/2026,INCOME,Impresiones,Impresiones - 02/08/2026,8400.00,-5437200.00
02/08/2026,INCOME,BeMovilRemote,BeMovilRemote - 02/08/2026,9000.00,-5437200.00
02/08/2026,INCOME,Impresiones,Impresiones - 02/08/2026,3000.00,-5434200.00
02/08/2026,INCOME,BeMovilRemote,BeMovilRemote - 02/08/2026,25000.00,-5434200.00
02/08/2026,INCOME,Impresiones,Impresiones - 02/08/2026,3200.00,-5431000.00
03/08/2026,INCOME,BeMovilRemote,BeMovilRemote - 03/08/2026,5500.00,-5431000.00
03/08/2026,INCOME,Fotocopias,Fotocopias - 03/08/2026,1400.00,-5429600.00
03/08/2026,INCOME,Impresiones,Impresiones - 03/08/2026,1600.00,-5428000.00
03/08/2026,INCOME,Escaneo,Scaner - 03/08/2026,600.00,-5427400.00
03/08/2026,INCOME,Papelería,Papeleria - 03/08/2026,3500.00,-5423900.00
03/08/2026,INCOME,Internet,Internet - 03/08/2026,7700.00,-5416200.00
03/08/2026,EXPENSE,Ahorro para pagar,Ahorro pagar - 03/08/2026,320000.00,-5736200.00
03/08/2026,INCOME,BeMovilRemote,BeMovilRemote - 03/08/2026,4000.00,-5736200.00
03/08/2026,INCOME,Fotocopias,Fotocopias - 03/08/2026,1000.00,-5735200.00
03/08/2026,INCOME,Impresiones,Impresiones - 03/08/2026,1100.00,-5734100.00
03/08/2026,INCOME,Papelería,Papeleria - 03/08/2026,2000.00,-5732100.00
03/08/2026,INCOME,BeMovilRemote,BeMovilRemote - 03/08/2026,4000.00,-5732100.00
03/08/2026,INCOME,Fotocopias,Fotocopias - 03/08/2026,4500.00,-5727600.00
03/08/2026,INCOME,Impresiones,Impresiones - 03/08/2026,1500.00,-5726100.00
03/08/2026,INCOME,Papelería,Papeleria - 03/08/2026,1200.00,-5724900.00
03/08/2026,INCOME,BeMovilRemote,BeMovilRemote - 03/08/2026,15000.00,-5724900.00
03/08/2026,INCOME,Fotocopias,Fotocopias - 03/08/2026,3800.00,-5721100.00
03/08/2026,INCOME,Impresiones,Impresiones - 03/08/2026,1600.00,-5719500.00
03/08/2026,INCOME,BeMovilRemote,BeMovilRemote - 03/08/2026,20000.00,-5719500.00
03/08/2026,INCOME,Fotocopias,Fotocopias - 03/08/2026,1800.00,-5717700.00
03/08/2026,INCOME,Impresiones,Impresiones - 03/08/2026,7800.00,-5709900.00
03/08/2026,INCOME,BeMovilRemote,BeMovilRemote - 03/08/2026,2000.00,-5709900.00
03/08/2026,INCOME,Fotocopias,Fotocopias - 03/08/2026,2000.00,-5707900.00
03/08/2026,INCOME,Impresiones,Impresiones - 03/08/2026,5000.00,-5702900.00
03/08/2026,INCOME,Fotocopias,Fotocopias - 03/08/2026,1200.00,-5701700.00
03/08/2026,INCOME,Impresiones,Impresiones - 03/08/2026,1600.00,-5700100.00
03/08/2026,INCOME,Fotocopias,Fotocopias - 03/08/2026,2300.00,-5697800.00
03/08/2026,INCOME,Impresiones,Impresiones - 03/08/2026,1400.00,-5696400.00
03/08/2026,INCOME,Impresiones,Impresiones - 03/08/2026,1200.00,-5695200.00
03/08/2026,INCOME,Impresiones,Impresiones - 03/08/2026,1000.00,-5694200.00
03/08/2026,INCOME,Impresiones,Impresiones - 03/08/2026,1800.00,-5692400.00
03/08/2026,INCOME,Impresiones,Impresiones - 03/08/2026,4800.00,-5687600.00
05/08/2026,INCOME,BeMovilRemote,BeMovilRemote - 05/08/2026,9000.00,-5687600.00
05/08/2026,INCOME,Fotocopias,Fotocopias - 05/08/2026,1100.00,-5686500.00
05/08/2026,INCOME,Impresiones,Impresiones - 05/08/2026,3000.00,-5683500.00
05/08/2026,INCOME,Papelería,Papeleria - 05/08/2026,4000.00,-5679500.00
05/08/2026,INCOME,Internet,Internet - 05/08/2026,1500.00,-5678000.00
05/08/2026,INCOME,BeMovilRemote,BeMovilRemote - 05/08/2026,35000.00,-5678000.00
05/08/2026,INCOME,Fotocopias,Fotocopias - 05/08/2026,20000.00,-5658000.00
05/08/2026,INCOME,Impresiones,Impresiones - 05/08/2026,6600.00,-5651400.00
05/08/2026,INCOME,Papelería,Papeleria - 05/08/2026,1800.00,-5649600.00
05/08/2026,INCOME,Internet,Internet - 05/08/2026,1500.00,-5648100.00
05/08/2026,INCOME,BeMovilRemote,BeMovilRemote - 05/08/2026,10000.00,-5648100.00
05/08/2026,INCOME,Fotocopias,Fotocopias - 05/08/2026,1000.00,-5647100.00
05/08/2026,INCOME,Impresiones,Impresiones - 05/08/2026,3000.00,-5644100.00
05/08/2026,INCOME,Papelería,Papeleria - 05/08/2026,1200.00,-5642900.00
05/08/2026,INCOME,Internet,Internet - 05/08/2026,5000.00,-5637900.00
05/08/2026,INCOME,BeMovilRemote,BeMovilRemote - 05/08/2026,6000.00,-5637900.00
05/08/2026,INCOME,Fotocopias,Fotocopias - 05/08/2026,1800.00,-5636100.00
05/08/2026,INCOME,Impresiones,Impresiones - 05/08/2026,6200.00,-5629900.00
05/08/2026,INCOME,Papelería,Papeleria - 05/08/2026,2000.00,-5627900.00
05/08/2026,INCOME,Internet,Internet - 05/08/2026,2000.00,-5625900.00
05/08/2026,INCOME,BeMovilRemote,BeMovilRemote - 05/08/2026,2000.00,-5625900.00
05/08/2026,INCOME,Fotocopias,Fotocopias - 05/08/2026,1000.00,-5624900.00
05/08/2026,INCOME,Impresiones,Impresiones - 05/08/2026,3000.00,-5621900.00
05/08/2026,INCOME,Papelería,Papeleria - 05/08/2026,1500.00,-5620400.00
05/08/2026,INCOME,BeMovilRemote,BeMovilRemote - 05/08/2026,20000.00,-5620400.00
05/08/2026,INCOME,Fotocopias,Fotocopias - 05/08/2026,3600.00,-5616800.00
05/08/2026,INCOME,Impresiones,Impresiones - 05/08/2026,3000.00,-5613800.00
05/08/2026,INCOME,BeMovilRemote,BeMovilRemote - 05/08/2026,10000.00,-5613800.00
05/08/2026,INCOME,Fotocopias,Fotocopias - 05/08/2026,1500.00,-5612300.00
05/08/2026,INCOME,Impresiones,Impresiones - 05/08/2026,4000.00,-5608300.00
05/08/2026,INCOME,Impresiones,Impresiones - 05/08/2026,4000.00,-5604300.00
05/08/2026,INCOME,Impresiones,Impresiones - 05/08/2026,2800.00,-5601500.00
05/08/2026,INCOME,Impresiones,Impresiones - 05/08/2026,4400.00,-5597100.00
06/08/2026,INCOME,BeMovilRemote,BeMovilRemote - 06/08/2026,20000.00,-5597100.00
06/08/2026,INCOME,Fotocopias,Fotocopias - 06/08/2026,1700.00,-5595400.00
06/08/2026,INCOME,Impresiones,Impresiones - 06/08/2026,2400.00,-5593000.00
06/08/2026,INCOME,Papelería,Papeleria - 06/08/2026,1200.00,-5591800.00
06/08/2026,INCOME,Internet,Internet - 06/08/2026,2000.00,-5589800.00
06/08/2026,EXPENSE,Ahorro para pagar,Ahorro pagar - 06/08/2026,140000.00,-5729800.00
06/08/2026,INCOME,BeMovilRemote,BeMovilRemote - 06/08/2026,4000.00,-5729800.00
06/08/2026,INCOME,Fotocopias,Fotocopias - 06/08/2026,1400.00,-5728400.00
06/08/2026,INCOME,Impresiones,Impresiones - 06/08/2026,5400.00,-5723000.00
06/08/2026,INCOME,Papelería,Papeleria - 06/08/2026,1200.00,-5721800.00
06/08/2026,INCOME,Internet,Internet - 06/08/2026,2500.00,-5719300.00
06/08/2026,INCOME,BeMovilRemote,BeMovilRemote - 06/08/2026,10000.00,-5719300.00
06/08/2026,INCOME,Impresiones,Impresiones - 06/08/2026,3600.00,-5715700.00
06/08/2026,INCOME,Papelería,Papeleria - 06/08/2026,1200.00,-5714500.00
06/08/2026,INCOME,Internet,Internet - 06/08/2026,1000.00,-5713500.00
06/08/2026,INCOME,BeMovilRemote,BeMovilRemote - 06/08/2026,2000.00,-5713500.00
06/08/2026,INCOME,Impresiones,Impresiones - 06/08/2026,3500.00,-5710000.00
06/08/2026,INCOME,Papelería,Papeleria - 06/08/2026,2700.00,-5707300.00
06/08/2026,INCOME,Internet,Internet - 06/08/2026,2500.00,-5704800.00
06/08/2026,INCOME,BeMovilRemote,BeMovilRemote - 06/08/2026,6000.00,-5704800.00
06/08/2026,INCOME,Impresiones,Impresiones - 06/08/2026,2700.00,-5702100.00
06/08/2026,INCOME,Papelería,Papeleria - 06/08/2026,3600.00,-5698500.00
06/08/2026,INCOME,Impresiones,Impresiones - 06/08/2026,2400.00,-5696100.00
06/08/2026,INCOME,Papelería,Papeleria - 06/08/2026,4000.00,-5692100.00
06/08/2026,INCOME,Impresiones,Impresiones - 06/08/2026,1200.00,-5690900.00
06/08/2026,INCOME,Papelería,Papeleria - 06/08/2026,1800.00,-5689100.00
06/08/2026,INCOME,Impresiones,Impresiones - 06/08/2026,1000.00,-5688100.00
06/08/2026,INCOME,Papelería,Papeleria - 06/08/2026,4500.00,-5683600.00
08/08/2026,INCOME,BeMovilRemote,BeMovilRemote - 08/08/2026,10000.00,-5683600.00
08/08/2026,INCOME,Fotocopias,Fotocopias - 08/08/2026,1400.00,-5682200.00
08/08/2026,INCOME,Impresiones,Impresiones - 08/08/2026,1300.00,-5680900.00
08/08/2026,INCOME,Escaneo,Scaner - 08/08/2026,1200.00,-5679700.00
08/08/2026,INCOME,Papelería,Papeleria - 08/08/2026,1500.00,-5678200.00
08/08/2026,INCOME,Internet,Internet - 08/08/2026,1000.00,-5677200.00
08/08/2026,EXPENSE,Ahorro para pagar,Ahorro pagar - 08/08/2026,60000.00,-5737200.00
08/08/2026,INCOME,BeMovilRemote,BeMovilRemote - 08/08/2026,9000.00,-5737200.00
08/08/2026,INCOME,Fotocopias,Fotocopias - 08/08/2026,1300.00,-5735900.00
08/08/2026,INCOME,Impresiones,Impresiones - 08/08/2026,3000.00,-5732900.00
08/08/2026,INCOME,Fotocopias,Fotocopias - 08/08/2026,1300.00,-5731600.00
08/08/2026,INCOME,Impresiones,Impresiones - 08/08/2026,3500.00,-5728100.00
08/08/2026,INCOME,Impresiones,Impresiones - 08/08/2026,3000.00,-5725100.00
08/08/2026,INCOME,Impresiones,Impresiones - 08/08/2026,5400.00,-5719700.00
08/08/2026,INCOME,Impresiones,Impresiones - 08/08/2026,600.00,-5719100.00
10/08/2026,INCOME,BeMovilRemote,BeMovilRemote - 10/08/2026,6000.00,-5719100.00
10/08/2026,INCOME,Fotocopias,Fotocopias - 10/08/2026,1600.00,-5717500.00
10/08/2026,INCOME,Impresiones,Impresiones - 10/08/2026,4200.00,-5713300.00
10/08/2026,INCOME,Escaneo,Scaner - 10/08/2026,1200.00,-5712100.00
10/08/2026,INCOME,Papelería,Papeleria - 10/08/2026,1500.00,-5710600.00
10/08/2026,INCOME,Accesorios,Accesorios - 10/08/2026,20000.00,-5690600.00
10/08/2026,INCOME,Internet,Internet - 10/08/2026,3000.00,-5687600.00
10/08/2026,EXPENSE,Ahorro para pagar,Ahorro pagar - 10/08/2026,20000.00,-5707600.00
10/08/2026,INCOME,BeMovilRemote,BeMovilRemote - 10/08/2026,10000.00,-5707600.00
10/08/2026,INCOME,Fotocopias,Fotocopias - 10/08/2026,1200.00,-5706400.00
10/08/2026,INCOME,Impresiones,Impresiones - 10/08/2026,3600.00,-5702800.00
10/08/2026,INCOME,Escaneo,Scaner - 10/08/2026,1000.00,-5701800.00
10/08/2026,INCOME,Papelería,Papeleria - 10/08/2026,1200.00,-5700600.00
10/08/2026,INCOME,Accesorios,Accesorios - 10/08/2026,10000.00,-5690600.00
10/08/2026,INCOME,Internet,Internet - 10/08/2026,2000.00,-5688600.00
10/08/2026,INCOME,BeMovilRemote,BeMovilRemote - 10/08/2026,10000.00,-5688600.00
10/08/2026,INCOME,Fotocopias,Fotocopias - 10/08/2026,2000.00,-5686600.00
10/08/2026,INCOME,Impresiones,Impresiones - 10/08/2026,2000.00,-5684600.00
10/08/2026,INCOME,Papelería,Papeleria - 10/08/2026,1800.00,-5682800.00
10/08/2026,INCOME,Accesorios,Accesorios - 10/08/2026,10000.00,-5672800.00
10/08/2026,INCOME,Internet,Internet - 10/08/2026,2000.00,-5670800.00
10/08/2026,INCOME,BeMovilRemote,BeMovilRemote - 10/08/2026,25000.00,-5670800.00
10/08/2026,INCOME,Fotocopias,Fotocopias - 10/08/2026,1000.00,-5669800.00
10/08/2026,INCOME,Impresiones,Impresiones - 10/08/2026,4200.00,-5665600.00
10/08/2026,INCOME,Papelería,Papeleria - 10/08/2026,2500.00,-5663100.00
10/08/2026,INCOME,BeMovilRemote,BeMovilRemote - 10/08/2026,20000.00,-5663100.00
10/08/2026,INCOME,Fotocopias,Fotocopias - 10/08/2026,1600.00,-5661500.00
10/08/2026,INCOME,Impresiones,Impresiones - 10/08/2026,1500.00,-5660000.00
10/08/2026,INCOME,BeMovilRemote,BeMovilRemote - 10/08/2026,9000.00,-5660000.00
10/08/2026,INCOME,Fotocopias,Fotocopias - 10/08/2026,1400.00,-5658600.00
10/08/2026,INCOME,Impresiones,Impresiones - 10/08/2026,6000.00,-5652600.00
10/08/2026,INCOME,BeMovilRemote,BeMovilRemote - 10/08/2026,10000.00,-5652600.00
10/08/2026,INCOME,Fotocopias,Fotocopias - 10/08/2026,1600.00,-5651000.00
10/08/2026,INCOME,Impresiones,Impresiones - 10/08/2026,2400.00,-5648600.00
10/08/2026,INCOME,BeMovilRemote,BeMovilRemote - 10/08/2026,8500.00,-5648600.00
10/08/2026,INCOME,Fotocopias,Fotocopias - 10/08/2026,1800.00,-5646800.00
10/08/2026,INCOME,Impresiones,Impresiones - 10/08/2026,8400.00,-5638400.00
10/08/2026,INCOME,BeMovilRemote,BeMovilRemote - 10/08/2026,20000.00,-5638400.00
10/08/2026,INCOME,Fotocopias,Fotocopias - 10/08/2026,1000.00,-5637400.00
10/08/2026,INCOME,Impresiones,Impresiones - 10/08/2026,2100.00,-5635300.00
10/08/2026,INCOME,BeMovilRemote,BeMovilRemote - 10/08/2026,2000.00,-5635300.00
10/08/2026,INCOME,Fotocopias,Fotocopias - 10/08/2026,1800.00,-5633500.00
10/08/2026,INCOME,Impresiones,Impresiones - 10/08/2026,5000.00,-5628500.00
10/08/2026,INCOME,BeMovilRemote,BeMovilRemote - 10/08/2026,10000.00,-5628500.00
10/08/2026,INCOME,Fotocopias,Fotocopias - 10/08/2026,1200.00,-5627300.00
10/08/2026,INCOME,Impresiones,Impresiones - 10/08/2026,9000.00,-5618300.00
10/08/2026,INCOME,BeMovilRemote,BeMovilRemote - 10/08/2026,6000.00,-5618300.00
10/08/2026,INCOME,Impresiones,Impresiones - 10/08/2026,1600.00,-5616700.00
10/08/2026,INCOME,BeMovilRemote,BeMovilRemote - 10/08/2026,10000.00,-5616700.00
10/08/2026,INCOME,BeMovilRemote,BeMovilRemote - 10/08/2026,15000.00,-5616700.00
11/08/2026,INCOME,BeMovilRemote,BeMovilRemote - 11/08/2026,28700.00,-5616700.00
11/08/2026,INCOME,Fotocopias,Fotocopias - 11/08/2026,1000.00,-5615700.00
11/08/2026,INCOME,Impresiones,Impresiones - 11/08/2026,1200.00,-5614500.00
11/08/2026,INCOME,Escaneo,Scaner - 11/08/2026,9000.00,-5605500.00
11/08/2026,INCOME,Papelería,Papeleria - 11/08/2026,1700.00,-5603800.00
11/08/2026,INCOME,Accesorios,Accesorios - 11/08/2026,70000.00,-5533800.00
11/08/2026,INCOME,Internet,Internet - 11/08/2026,1000.00,-5532800.00
11/08/2026,EXPENSE,Ahorro para pagar,Ahorro pagar - 11/08/2026,80000.00,-5612800.00
11/08/2026,INCOME,BeMovilRemote,BeMovilRemote - 11/08/2026,35000.00,-5612800.00
11/08/2026,INCOME,Fotocopias,Fotocopias - 11/08/2026,1500.00,-5611300.00
11/08/2026,INCOME,Impresiones,Impresiones - 11/08/2026,1200.00,-5610100.00
11/08/2026,INCOME,Papelería,Papeleria - 11/08/2026,1300.00,-5608800.00
11/08/2026,INCOME,Internet,Internet - 11/08/2026,1500.00,-5607300.00
11/08/2026,INCOME,BeMovilRemote,BeMovilRemote - 11/08/2026,35000.00,-5607300.00
11/08/2026,INCOME,Fotocopias,Fotocopias - 11/08/2026,1800.00,-5605500.00
11/08/2026,INCOME,Impresiones,Impresiones - 11/08/2026,2400.00,-5603100.00
11/08/2026,INCOME,Papelería,Papeleria - 11/08/2026,1600.00,-5601500.00
11/08/2026,INCOME,BeMovilRemote,BeMovilRemote - 11/08/2026,28700.00,-5601500.00
11/08/2026,INCOME,Fotocopias,Fotocopias - 11/08/2026,3000.00,-5598500.00
11/08/2026,INCOME,Impresiones,Impresiones - 11/08/2026,1200.00,-5597300.00
11/08/2026,INCOME,Papelería,Papeleria - 11/08/2026,2400.00,-5594900.00
11/08/2026,INCOME,BeMovilRemote,BeMovilRemote - 11/08/2026,20000.00,-5594900.00
11/08/2026,INCOME,Fotocopias,Fotocopias - 11/08/2026,7200.00,-5587700.00
11/08/2026,INCOME,Impresiones,Impresiones - 11/08/2026,1200.00,-5586500.00
11/08/2026,INCOME,Papelería,Papeleria - 11/08/2026,1000.00,-5585500.00
11/08/2026,INCOME,BeMovilRemote,BeMovilRemote - 11/08/2026,20000.00,-5585500.00
11/08/2026,INCOME,Fotocopias,Fotocopias - 11/08/2026,1200.00,-5584300.00
11/08/2026,INCOME,Impresiones,Impresiones - 11/08/2026,3300.00,-5581000.00
11/08/2026,INCOME,Papelería,Papeleria - 11/08/2026,1600.00,-5579400.00
11/08/2026,INCOME,BeMovilRemote,BeMovilRemote - 11/08/2026,20000.00,-5579400.00
11/08/2026,INCOME,Fotocopias,Fotocopias - 11/08/2026,2400.00,-5577000.00
11/08/2026,INCOME,Impresiones,Impresiones - 11/08/2026,3300.00,-5573700.00
11/08/2026,INCOME,Papelería,Papeleria - 11/08/2026,1500.00,-5572200.00
11/08/2026,INCOME,BeMovilRemote,BeMovilRemote - 11/08/2026,9000.00,-5572200.00
11/08/2026,INCOME,Fotocopias,Fotocopias - 11/08/2026,6000.00,-5566200.00
11/08/2026,INCOME,Impresiones,Impresiones - 11/08/2026,5400.00,-5560800.00
11/08/2026,INCOME,Papelería,Papeleria - 11/08/2026,4000.00,-5556800.00
11/08/2026,INCOME,Fotocopias,Fotocopias - 11/08/2026,2000.00,-5554800.00
11/08/2026,INCOME,Impresiones,Impresiones - 11/08/2026,1800.00,-5553000.00
11/08/2026,INCOME,Papelería,Papeleria - 11/08/2026,2500.00,-5550500.00
11/08/2026,INCOME,Fotocopias,Fotocopias - 11/08/2026,1900.00,-5548600.00
11/08/2026,INCOME,Impresiones,Impresiones - 11/08/2026,20000.00,-5528600.00
11/08/2026,INCOME,Papelería,Papeleria - 11/08/2026,4000.00,-5524600.00
11/08/2026,INCOME,Fotocopias,Fotocopias - 11/08/2026,6000.00,-5518600.00
11/08/2026,INCOME,Impresiones,Impresiones - 11/08/2026,5000.00,-5513600.00
11/08/2026,INCOME,Papelería,Papeleria - 11/08/2026,1400.00,-5512200.00
11/08/2026,INCOME,Impresiones,Impresiones - 11/08/2026,6000.00,-5506200.00
12/08/2026,INCOME,BeMovilRemote,BeMovilRemote - 12/08/2026,5500.00,-5506200.00
12/08/2026,INCOME,Fotocopias,Fotocopias - 12/08/2026,1200.00,-5505000.00
12/08/2026,INCOME,Impresiones,Impresiones - 12/08/2026,1200.00,-5503800.00
12/08/2026,INCOME,Escaneo,Scaner - 12/08/2026,500.00,-5503300.00
12/08/2026,INCOME,Papelería,Papeleria - 12/08/2026,2000.00,-5501300.00
12/08/2026,INCOME,Internet,Internet - 12/08/2026,1500.00,-5499800.00
12/08/2026,EXPENSE,Ahorro para pagar,Ahorro pagar - 12/08/2026,100000.00,-5599800.00
12/08/2026,INCOME,BeMovilRemote,BeMovilRemote - 12/08/2026,35000.00,-5599800.00
12/08/2026,INCOME,Fotocopias,Fotocopias - 12/08/2026,8600.00,-5591200.00
12/08/2026,INCOME,Impresiones,Impresiones - 12/08/2026,1800.00,-5589400.00
12/08/2026,INCOME,Internet,Internet - 12/08/2026,1500.00,-5587900.00
12/08/2026,INCOME,BeMovilRemote,BeMovilRemote - 12/08/2026,3000.00,-5587900.00
12/08/2026,INCOME,Fotocopias,Fotocopias - 12/08/2026,7200.00,-5580700.00
12/08/2026,INCOME,Impresiones,Impresiones - 12/08/2026,1100.00,-5579600.00
12/08/2026,INCOME,Internet,Internet - 12/08/2026,1500.00,-5578100.00
12/08/2026,INCOME,Fotocopias,Fotocopias - 12/08/2026,5400.00,-5572700.00
12/08/2026,INCOME,Impresiones,Impresiones - 12/08/2026,3600.00,-5569100.00
12/08/2026,INCOME,Fotocopias,Fotocopias - 12/08/2026,2400.00,-5566700.00
12/08/2026,INCOME,Impresiones,Impresiones - 12/08/2026,1800.00,-5564900.00
12/08/2026,INCOME,Fotocopias,Fotocopias - 12/08/2026,1200.00,-5563700.00
12/08/2026,INCOME,Impresiones,Impresiones - 12/08/2026,2000.00,-5561700.00
12/08/2026,INCOME,Impresiones,Impresiones - 12/08/2026,2000.00,-5559700.00
12/08/2026,INCOME,Impresiones,Impresiones - 12/08/2026,3000.00,-5556700.00
12/08/2026,INCOME,Impresiones,Impresiones - 12/08/2026,4000.00,-5552700.00
12/08/2026,INCOME,Impresiones,Impresiones - 12/08/2026,8000.00,-5544700.00
13/08/2026,INCOME,BeMovilRemote,BeMovilRemote - 13/08/2026,10000.00,-5544700.00
13/08/2026,INCOME,Fotocopias,Fotocopias - 13/08/2026,1200.00,-5543500.00
13/08/2026,INCOME,Impresiones,Impresiones - 13/08/2026,3600.00,-5539900.00
13/08/2026,INCOME,Escaneo,Scaner - 13/08/2026,1800.00,-5538100.00
13/08/2026,INCOME,Papelería,Papeleria - 13/08/2026,3000.00,-5535100.00
13/08/2026,INCOME,Accesorios,Accesorios - 13/08/2026,6000.00,-5529100.00
13/08/2026,INCOME,Internet,Internet - 13/08/2026,3000.00,-5526100.00
13/08/2026,EXPENSE,Ahorro para pagar,Ahorro pagar - 13/08/2026,40000.00,-5566100.00
13/08/2026,INCOME,BeMovilRemote,BeMovilRemote - 13/08/2026,4000.00,-5566100.00
13/08/2026,INCOME,Fotocopias,Fotocopias - 13/08/2026,1800.00,-5564300.00
13/08/2026,INCOME,Impresiones,Impresiones - 13/08/2026,1100.00,-5563200.00
13/08/2026,INCOME,Papelería,Papeleria - 13/08/2026,3000.00,-5560200.00
13/08/2026,INCOME,Internet,Internet - 13/08/2026,11000.00,-5549200.00
13/08/2026,INCOME,BeMovilRemote,BeMovilRemote - 13/08/2026,10000.00,-5549200.00
13/08/2026,INCOME,Fotocopias,Fotocopias - 13/08/2026,1000.00,-5548200.00
13/08/2026,INCOME,Impresiones,Impresiones - 13/08/2026,3600.00,-5544600.00
13/08/2026,INCOME,Papelería,Papeleria - 13/08/2026,1500.00,-5543100.00
13/08/2026,INCOME,Internet,Internet - 13/08/2026,500.00,-5542600.00
13/08/2026,INCOME,BeMovilRemote,BeMovilRemote - 13/08/2026,20000.00,-5542600.00
13/08/2026,INCOME,Fotocopias,Fotocopias - 13/08/2026,1400.00,-5541200.00
13/08/2026,INCOME,Impresiones,Impresiones - 13/08/2026,4800.00,-5536400.00
13/08/2026,INCOME,Fotocopias,Fotocopias - 13/08/2026,1000.00,-5535400.00
13/08/2026,INCOME,Impresiones,Impresiones - 13/08/2026,1200.00,-5534200.00
13/08/2026,INCOME,Impresiones,Impresiones - 13/08/2026,1200.00,-5533000.00
13/08/2026,INCOME,Impresiones,Impresiones - 13/08/2026,3000.00,-5530000.00
13/08/2026,INCOME,Impresiones,Impresiones - 13/08/2026,6000.00,-5524000.00
13/08/2026,INCOME,Impresiones,Impresiones - 13/08/2026,63000.00,-5461000.00
13/08/2026,INCOME,Impresiones,Impresiones - 13/08/2026,6300.00,-5454700.00
13/08/2026,INCOME,Impresiones,Impresiones - 13/08/2026,2800.00,-5451900.00
14/08/2026,INCOME,BeMovilRemote,BeMovilRemote - 14/08/2026,5500.00,-5451900.00
14/08/2026,INCOME,Fotocopias,Fotocopias - 14/08/2026,50000.00,-5401900.00
14/08/2026,INCOME,Impresiones,Impresiones - 14/08/2026,2400.00,-5399500.00
14/08/2026,INCOME,Papelería,Papeleria - 14/08/2026,1600.00,-5397900.00
14/08/2026,INCOME,Accesorios,Accesorios - 14/08/2026,76000.00,-5321900.00
14/08/2026,EXPENSE,Ahorro para pagar,Ahorro pagar - 14/08/2026,120000.00,-5441900.00
14/08/2026,INCOME,BeMovilRemote,BeMovilRemote - 14/08/2026,6000.00,-5441900.00
14/08/2026,INCOME,Fotocopias,Fotocopias - 14/08/2026,1500.00,-5440400.00
14/08/2026,INCOME,Impresiones,Impresiones - 14/08/2026,3000.00,-5437400.00
14/08/2026,INCOME,Papelería,Papeleria - 14/08/2026,1200.00,-5436200.00
14/08/2026,INCOME,BeMovilRemote,BeMovilRemote - 14/08/2026,5500.00,-5436200.00
14/08/2026,INCOME,Fotocopias,Fotocopias - 14/08/2026,1600.00,-5434600.00
14/08/2026,INCOME,Impresiones,Impresiones - 14/08/2026,1600.00,-5433000.00
14/08/2026,INCOME,Papelería,Papeleria - 14/08/2026,1500.00,-5431500.00
14/08/2026,INCOME,BeMovilRemote,BeMovilRemote - 14/08/2026,9000.00,-5431500.00
14/08/2026,INCOME,Fotocopias,Fotocopias - 14/08/2026,1900.00,-5429600.00
14/08/2026,INCOME,Impresiones,Impresiones - 14/08/2026,1200.00,-5428400.00
14/08/2026,INCOME,Papelería,Papeleria - 14/08/2026,3000.00,-5425400.00
14/08/2026,INCOME,BeMovilRemote,BeMovilRemote - 14/08/2026,2000.00,-5425400.00
14/08/2026,INCOME,Impresiones,Impresiones - 14/08/2026,1800.00,-5423600.00
14/08/2026,INCOME,Impresiones,Impresiones - 14/08/2026,1200.00,-5422400.00
14/08/2026,INCOME,Impresiones,Impresiones - 14/08/2026,3000.00,-5419400.00
14/08/2026,INCOME,Impresiones,Impresiones - 14/08/2026,2400.00,-5417000.00
14/08/2026,INCOME,Impresiones,Impresiones - 14/08/2026,7200.00,-5409800.00
14/08/2026,INCOME,Impresiones,Impresiones - 14/08/2026,6000.00,-5403800.00
14/08/2026,INCOME,Impresiones,Impresiones - 14/08/2026,6600.00,-5397200.00
15/08/2026,INCOME,BeMovilRemote,BeMovilRemote - 15/08/2026,10000.00,-5397200.00
15/08/2026,INCOME,Fotocopias,Fotocopias - 15/08/2026,4000.00,-5393200.00
15/08/2026,INCOME,Impresiones,Impresiones - 15/08/2026,12000.00,-5381200.00
15/08/2026,INCOME,Papelería,Papeleria - 15/08/2026,8000.00,-5373200.00
15/08/2026,INCOME,Internet,Internet - 15/08/2026,1000.00,-5372200.00
15/08/2026,EXPENSE,Ahorro para pagar,Ahorro pagar - 15/08/2026,100000.00,-5472200.00
15/08/2026,EXPENSE,Salidas,8000,8000.00,-5480200.00
15/08/2026,INCOME,BeMovilRemote,BeMovilRemote - 15/08/2026,5000.00,-5480200.00
15/08/2026,INCOME,Fotocopias,Fotocopias - 15/08/2026,4000.00,-5476200.00
15/08/2026,INCOME,Impresiones,Impresiones - 15/08/2026,5000.00,-5471200.00
15/08/2026,INCOME,Papelería,Papeleria - 15/08/2026,2500.00,-5468700.00
15/08/2026,INCOME,Internet,Internet - 15/08/2026,1600.00,-5467100.00
15/08/2026,INCOME,BeMovilRemote,BeMovilRemote - 15/08/2026,5500.00,-5467100.00
15/08/2026,INCOME,Fotocopias,Fotocopias - 15/08/2026,1000.00,-5466100.00
15/08/2026,INCOME,Impresiones,Impresiones - 15/08/2026,5000.00,-5461100.00
15/08/2026,INCOME,Papelería,Papeleria - 15/08/2026,1600.00,-5459500.00
15/08/2026,INCOME,BeMovilRemote,BeMovilRemote - 15/08/2026,35000.00,-5459500.00
15/08/2026,INCOME,Impresiones,Impresiones - 15/08/2026,1200.00,-5458300.00
15/08/2026,INCOME,Papelería,Papeleria - 15/08/2026,1300.00,-5457000.00
15/08/2026,INCOME,BeMovilRemote,BeMovilRemote - 15/08/2026,30000.00,-5457000.00
15/08/2026,INCOME,Impresiones,Impresiones - 15/08/2026,3000.00,-5454000.00
15/08/2026,INCOME,Papelería,Papeleria - 15/08/2026,4000.00,-5450000.00
15/08/2026,INCOME,BeMovilRemote,BeMovilRemote - 15/08/2026,6000.00,-5450000.00
15/08/2026,INCOME,Papelería,Papeleria - 15/08/2026,4000.00,-5446000.00
15/08/2026,INCOME,Papelería,Papeleria - 15/08/2026,4000.00,-5442000.00
17/08/2026,INCOME,BeMovilRemote,BeMovilRemote - 17/08/2026,20000.00,-5442000.00
17/08/2026,INCOME,Impresiones,Impresiones - 17/08/2026,9000.00,-5433000.00
17/08/2026,INCOME,Papelería,Papeleria - 17/08/2026,9500.00,-5423500.00
17/08/2026,EXPENSE,Ahorro para pagar,Ahorro pagar - 17/08/2026,1000000.00,-6423500.00
17/08/2026,EXPENSE,Pendientes,Pendientes - 17/08/2026,20000.00,-6443500.00
17/08/2026,INCOME,BeMovilRemote,BeMovilRemote - 17/08/2026,20000.00,-6443500.00
17/08/2026,INCOME,Impresiones,Impresiones - 17/08/2026,9600.00,-6433900.00
17/08/2026,INCOME,BeMovilRemote,BeMovilRemote - 17/08/2026,9000.00,-6433900.00
17/08/2026,INCOME,Impresiones,Impresiones - 17/08/2026,600.00,-6433300.00
17/08/2026,INCOME,BeMovilRemote,BeMovilRemote - 17/08/2026,20000.00,-6433300.00
17/08/2026,INCOME,BeMovilRemote,BeMovilRemote - 17/08/2026,25000.00,-6433300.00
17/08/2026,INCOME,BeMovilRemote,BeMovilRemote - 17/08/2026,20000.00,-6433300.00
18/08/2026,INCOME,Ahorro mensual,Ahorro mensual - 18/08/2026,200000.00,-6233300.00
18/08/2026,INCOME,BeMovilRemote,BeMovilRemote - 18/08/2026,10000.00,-6233300.00
18/08/2026,INCOME,Fotocopias,Fotocopias - 18/08/2026,1200.00,-6232100.00
18/08/2026,INCOME,Impresiones,Impresiones - 18/08/2026,1000.00,-6231100.00
18/08/2026,INCOME,Escaneo,Scaner - 18/08/2026,3000.00,-6228100.00
18/08/2026,INCOME,Papelería,Papeleria - 18/08/2026,1000.00,-6227100.00
18/08/2026,INCOME,Internet,Internet - 18/08/2026,1500.00,-6225600.00
18/08/2026,EXPENSE,Ahorro para pagar,Ahorro pagar - 18/08/2026,300000.00,-6525600.00
18/08/2026,INCOME,BeMovilRemote,BeMovilRemote - 18/08/2026,5500.00,-6525600.00
18/08/2026,INCOME,Fotocopias,Fotocopias - 18/08/2026,1400.00,-6524200.00
18/08/2026,INCOME,Impresiones,Impresiones - 18/08/2026,1400.00,-6522800.00
18/08/2026,INCOME,Papelería,Papeleria - 18/08/2026,2000.00,-6520800.00
18/08/2026,INCOME,Internet,Internet - 18/08/2026,1500.00,-6519300.00
18/08/2026,INCOME,BeMovilRemote,BeMovilRemote - 18/08/2026,9000.00,-6519300.00
18/08/2026,INCOME,Fotocopias,Fotocopias - 18/08/2026,1500.00,-6517800.00
18/08/2026,INCOME,Impresiones,Impresiones - 18/08/2026,1600.00,-6516200.00
18/08/2026,INCOME,Papelería,Papeleria - 18/08/2026,3000.00,-6513200.00
18/08/2026,INCOME,BeMovilRemote,BeMovilRemote - 18/08/2026,9000.00,-6513200.00
18/08/2026,INCOME,Fotocopias,Fotocopias - 18/08/2026,1000.00,-6512200.00
18/08/2026,INCOME,Impresiones,Impresiones - 18/08/2026,2000.00,-6510200.00
18/08/2026,INCOME,Papelería,Papeleria - 18/08/2026,3000.00,-6507200.00
18/08/2026,INCOME,BeMovilRemote,BeMovilRemote - 18/08/2026,2000.00,-6507200.00
18/08/2026,INCOME,Fotocopias,Fotocopias - 18/08/2026,2400.00,-6504800.00
18/08/2026,INCOME,Impresiones,Impresiones - 18/08/2026,4000.00,-6500800.00
18/08/2026,INCOME,Papelería,Papeleria - 18/08/2026,5000.00,-6495800.00
18/08/2026,INCOME,BeMovilRemote,BeMovilRemote - 18/08/2026,20000.00,-6495800.00
18/08/2026,INCOME,Fotocopias,Fotocopias - 18/08/2026,44000.00,-6451800.00
18/08/2026,INCOME,Impresiones,Impresiones - 18/08/2026,2800.00,-6449000.00
18/08/2026,INCOME,Papelería,Papeleria - 18/08/2026,1300.00,-6447700.00
18/08/2026,INCOME,BeMovilRemote,BeMovilRemote - 18/08/2026,20000.00,-6447700.00
18/08/2026,INCOME,Fotocopias,Fotocopias - 18/08/2026,5500.00,-6442200.00
18/08/2026,INCOME,Impresiones,Impresiones - 18/08/2026,5000.00,-6437200.00
18/08/2026,INCOME,Papelería,Papeleria - 18/08/2026,3500.00,-6433700.00
18/08/2026,INCOME,BeMovilRemote,BeMovilRemote - 18/08/2026,20000.00,-6433700.00
18/08/2026,INCOME,Impresiones,Impresiones - 18/08/2026,20000.00,-6413700.00
18/08/2026,INCOME,Papelería,Papeleria - 18/08/2026,1200.00,-6412500.00
18/08/2026,INCOME,BeMovilRemote,BeMovilRemote - 18/08/2026,10000.00,-6412500.00
18/08/2026,INCOME,Impresiones,Impresiones - 18/08/2026,5000.00,-6407500.00
18/08/2026,INCOME,Papelería,Papeleria - 18/08/2026,3000.00,-6404500.00
18/08/2026,INCOME,BeMovilRemote,BeMovilRemote - 18/08/2026,23000.00,-6404500.00
18/08/2026,INCOME,Impresiones,Impresiones - 18/08/2026,2400.00,-6402100.00
18/08/2026,INCOME,BeMovilRemote,BeMovilRemote - 18/08/2026,30000.00,-6402100.00
18/08/2026,INCOME,Impresiones,Impresiones - 18/08/2026,4800.00,-6397300.00
18/08/2026,INCOME,BeMovilRemote,BeMovilRemote - 18/08/2026,15000.00,-6397300.00
18/08/2026,INCOME,Impresiones,Impresiones - 18/08/2026,1000.00,-6396300.00
18/08/2026,INCOME,BeMovilRemote,BeMovilRemote - 18/08/2026,35000.00,-6396300.00
18/08/2026,INCOME,BeMovilRemote,BeMovilRemote - 18/08/2026,9000.00,-6396300.00
19/08/2026,INCOME,Ahorro mensual,Ahorro mensual - 19/08/2026,50000.00,-6346300.00
19/08/2026,INCOME,BeMovilRemote,BeMovilRemote - 19/08/2026,20000.00,-6346300.00
19/08/2026,INCOME,Fotocopias,Fotocopias - 19/08/2026,1300.00,-6345000.00
19/08/2026,INCOME,Impresiones,Impresiones - 19/08/2026,1500.00,-6343500.00
19/08/2026,INCOME,Papelería,Papeleria - 19/08/2026,2400.00,-6341100.00
19/08/2026,INCOME,Internet,Internet - 19/08/2026,2500.00,-6338600.00
19/08/2026,EXPENSE,Ahorro para pagar,Ahorro pagar - 19/08/2026,100000.00,-6438600.00
19/08/2026,EXPENSE,Pendientes,Pendientes - 19/08/2026,20000.00,-6458600.00
19/08/2026,INCOME,BeMovilRemote,BeMovilRemote - 19/08/2026,20000.00,-6458600.00
19/08/2026,INCOME,Fotocopias,Fotocopias - 19/08/2026,3200.00,-6455400.00
19/08/2026,INCOME,Impresiones,Impresiones - 19/08/2026,2600.00,-6452800.00
19/08/2026,INCOME,Papelería,Papeleria - 19/08/2026,13200.00,-6439600.00
19/08/2026,INCOME,Internet,Internet - 19/08/2026,1500.00,-6438100.00
19/08/2026,INCOME,BeMovilRemote,BeMovilRemote - 19/08/2026,4000.00,-6438100.00
19/08/2026,INCOME,Fotocopias,Fotocopias - 19/08/2026,3000.00,-6435100.00
19/08/2026,INCOME,Impresiones,Impresiones - 19/08/2026,3000.00,-6432100.00
19/08/2026,INCOME,Papelería,Papeleria - 19/08/2026,1400.00,-6430700.00
19/08/2026,INCOME,Internet,Internet - 19/08/2026,1500.00,-6429200.00
19/08/2026,INCOME,BeMovilRemote,BeMovilRemote - 19/08/2026,2000.00,-6429200.00
19/08/2026,INCOME,Fotocopias,Fotocopias - 19/08/2026,1600.00,-6427600.00
19/08/2026,INCOME,Impresiones,Impresiones - 19/08/2026,4200.00,-6423400.00
19/08/2026,INCOME,Papelería,Papeleria - 19/08/2026,1800.00,-6421600.00
19/08/2026,INCOME,Internet,Internet - 19/08/2026,1000.00,-6420600.00
19/08/2026,INCOME,BeMovilRemote,BeMovilRemote - 19/08/2026,20000.00,-6420600.00
19/08/2026,INCOME,Fotocopias,Fotocopias - 19/08/2026,1100.00,-6419500.00
19/08/2026,INCOME,Impresiones,Impresiones - 19/08/2026,3200.00,-6416300.00
19/08/2026,INCOME,BeMovilRemote,BeMovilRemote - 19/08/2026,5000.00,-6416300.00
19/08/2026,INCOME,Fotocopias,Fotocopias - 19/08/2026,3500.00,-6412800.00
19/08/2026,INCOME,Impresiones,Impresiones - 19/08/2026,3600.00,-6409200.00
19/08/2026,INCOME,Fotocopias,Fotocopias - 19/08/2026,1700.00,-6407500.00
19/08/2026,INCOME,Impresiones,Impresiones - 19/08/2026,2400.00,-6405100.00
19/08/2026,INCOME,Impresiones,Impresiones - 19/08/2026,4200.00,-6400900.00
19/08/2026,INCOME,Impresiones,Impresiones - 19/08/2026,3600.00,-6397300.00
19/08/2026,INCOME,Impresiones,Impresiones - 19/08/2026,3000.00,-6394300.00
19/08/2026,INCOME,Impresiones,Impresiones - 19/08/2026,1800.00,-6392500.00
19/08/2026,INCOME,Impresiones,Impresiones - 19/08/2026,1200.00,-6391300.00
20/08/2026,INCOME,BeMovilRemote,PAYMENT,25000.00,-6391300.00
20/08/2026,INCOME,BeMovileIncome,PAYMENT,25000.00,-6366300.00
